name,label,train,val,test
image_0001.jpg,label_0001.png,True,False,False
image_0002.jpg,label_0002.png,False,True,False
image_0003.jpg,label_0003.png,True,False,False
image_0004.jpg,label_0004.png,True,False,False
image_0005.jpg,label_0005.png,True,False,False
image_0006.jpg,label_0006.png,True,False,False
image_0007.jpg,label_0007.png,True,False,False
image_0008.jpg,label_0008.png,True,False,False
image_0009.jpg,label_0009.png,True,False,False
image_0010.jpg,label_0010.png,True,False,False
image_0011.jpg,label_0011.png,False,True,False
image_0012.jpg,label_0012.png,True,False,False
image_0013.jpg,label_0013.png,True,False,False
image_0014.jpg,label_0014.png,True,False,False
image_0015.jpg,label_0015.png,True,False,False
image_0016.jpg,label_0016.png,True,False,False
image_0017.jpg,label_0017.png,True,False,False
image_0018.jpg,label_0018.png,True,False,False
image_0019.jpg,label_0019.png,True,False,False
image_0020.jpg,label_0020.png,True,False,False
image_0021.jpg,label_0021.png,True,False,False
image_0022.jpg,label_0022.png,True,False,False
image_0023.jpg,label_0023.png,True,False,False
image_0024.jpg,label_0024.png,True,False,False
image_0025.jpg,label_0025.png,True,False,False
image_0026.jpg,label_0026.png,True,False,False
image_0027.jpg,label_0027.png,True,False,False
image_0028.jpg,label_0028.png,True,False,False
image_0029.jpg,label_0029.png,True,False,False
image_0030.jpg,label_0030.png,False,True,False
image_0031.jpg,label_0031.png,True,False,False
image_0032.jpg,label_0032.png,True,False,False
image_0033.jpg,label_0033.png,True,False,False
image_0034.jpg,label_0034.png,True,False,False
image_0035.jpg,label_0035.png,True,False,False
image_0036.jpg,label_0036.png,True,False,False
image_0037.jpg,label_0037.png,True,False,False
image_0038.jpg,label_0038.png,True,False,False
image_0039.jpg,label_0039.png,True,False,False
image_0040.jpg,label_0040.png,True,False,False
image_0041.jpg,label_0041.png,True,False,False
image_0042.jpg,label_0042.png,False,True,False
image_0043.jpg,label_0043.png,True,False,False
image_0044.jpg,label_0044.png,True,False,False
image_0045.jpg,label_0045.png,True,False,False
image_0046.jpg,label_0046.png,True,False,False
image_0047.jpg,label_0047.png,True,False,False
image_0048.jpg,label_0048.png,True,False,False
image_0049.jpg,label_0049.png,True,False,False
image_0050.jpg,label_0050.png,True,False,False
image_0051.jpg,label_0051.png,False,True,False
image_0052.jpg,label_0052.png,True,False,False
image_0053.jpg,label_0053.png,True,False,False
image_0054.jpg,label_0054.png,False,True,False
image_0055.jpg,label_0055.png,True,False,False
image_0056.jpg,label_0056.png,True,False,False
image_0057.jpg,label_0057.png,True,False,False
image_0058.jpg,label_0058.png,True,False,False
image_0059.jpg,label_0059.png,True,False,False
image_0060.jpg,label_0060.png,True,False,False
image_0061.jpg,label_0061.png,True,False,False
image_0062.jpg,label_0062.png,False,True,False
image_0063.jpg,label_0063.png,False,False,True
image_0064.jpg,label_0064.png,True,False,False
image_0065.jpg,label_0065.png,True,False,False
image_0066.jpg,label_0066.png,True,False,False
image_0067.jpg,label_0067.png,False,True,False
image_0068.jpg,label_0068.png,True,False,False
image_0069.jpg,label_0069.png,True,False,False
image_0070.jpg,label_0070.png,True,False,False
image_0071.jpg,label_0071.png,True,False,False
image_0072.jpg,label_0072.png,True,False,False
image_0073.jpg,label_0073.png,False,True,False
image_0074.jpg,label_0074.png,True,False,False
image_0075.jpg,label_0075.png,True,False,False
image_0076.jpg,label_0076.png,True,False,False
image_0077.jpg,label_0077.png,True,False,False
image_0078.jpg,label_0078.png,False,False,True
image_0079.jpg,label_0079.png,True,False,False
image_0080.jpg,label_0080.png,True,False,False
image_0081.jpg,label_0081.png,False,True,False
image_0082.jpg,label_0082.png,False,False,True
image_0083.jpg,label_0083.png,True,False,False
image_0084.jpg,label_0084.png,True,False,False
image_0085.jpg,label_0085.png,True,False,False
image_0086.jpg,label_0086.png,False,False,True
image_0087.jpg,label_0087.png,True,False,False
image_0088.jpg,label_0088.png,True,False,False
image_0089.jpg,label_0089.png,True,False,False
image_0090.jpg,label_0090.png,True,False,False
image_0091.jpg,label_0091.png,True,False,False
image_0092.jpg,label_0092.png,True,False,False
image_0093.jpg,label_0093.png,True,False,False
image_0094.jpg,label_0094.png,False,False,True
image_0095.jpg,label_0095.png,True,False,False
image_0096.jpg,label_0096.png,True,False,False
image_0097.jpg,label_0097.png,True,False,False
image_0098.jpg,label_0098.png,True,False,False
image_0099.jpg,label_0099.png,False,False,True
image_0100.jpg,label_0100.png,True,False,False
image_0101.jpg,label_0101.png,True,False,False
image_0102.jpg,label_0102.png,True,False,False
image_0103.jpg,label_0103.png,True,False,False
image_0104.jpg,label_0104.png,True,False,False
image_0105.jpg,label_0105.png,False,False,True
image_0106.jpg,label_0106.png,True,False,False
image_0107.jpg,label_0107.png,True,False,False
image_0108.jpg,label_0108.png,True,False,False
image_0109.jpg,label_0109.png,True,False,False
image_0110.jpg,label_0110.png,True,False,False
image_0111.jpg,label_0111.png,True,False,False
image_0112.jpg,label_0112.png,True,False,False
image_0113.jpg,label_0113.png,True,False,False
image_0114.jpg,label_0114.png,True,False,False
image_0115.jpg,label_0115.png,True,False,False
image_0116.jpg,label_0116.png,True,False,False
image_0117.jpg,label_0117.png,True,False,False
image_0118.jpg,label_0118.png,True,False,False
image_0119.jpg,label_0119.png,True,False,False
image_0120.jpg,label_0120.png,True,False,False
image_0121.jpg,label_0121.png,True,False,False
image_0122.jpg,label_0122.png,True,False,False
image_0123.jpg,label_0123.png,True,False,False
image_0124.jpg,label_0124.png,True,False,False
image_0125.jpg,label_0125.png,True,False,False
image_0126.jpg,label_0126.png,True,False,False
image_0127.jpg,label_0127.png,True,False,False
image_0128.jpg,label_0128.png,True,False,False
image_0129.jpg,label_0129.png,True,False,False
image_0130.jpg,label_0130.png,True,False,False
image_0131.jpg,label_0131.png,True,False,False
image_0132.jpg,label_0132.png,True,False,False
image_0133.jpg,label_0133.png,True,False,False
image_0134.jpg,label_0134.png,True,False,False
image_0135.jpg,label_0135.png,True,False,False
image_0136.jpg,label_0136.png,True,False,False
image_0137.jpg,label_0137.png,True,False,False
image_0138.jpg,label_0138.png,False,False,True
image_0139.jpg,label_0139.png,True,False,False
image_0140.jpg,label_0140.png,True,False,False
image_0141.jpg,label_0141.png,True,False,False
image_0142.jpg,label_0142.png,True,False,False
image_0143.jpg,label_0143.png,True,False,False
image_0144.jpg,label_0144.png,True,False,False
image_0145.jpg,label_0145.png,True,False,False
image_0146.jpg,label_0146.png,True,False,False
image_0147.jpg,label_0147.png,True,False,False
image_0148.jpg,label_0148.png,True,False,False
image_0149.jpg,label_0149.png,False,True,False
image_0150.jpg,label_0150.png,True,False,False
image_0151.jpg,label_0151.png,True,False,False
image_0152.jpg,label_0152.png,False,True,False
image_0153.jpg,label_0153.png,True,False,False
image_0154.jpg,label_0154.png,True,False,False
image_0155.jpg,label_0155.png,True,False,False
image_0156.jpg,label_0156.png,True,False,False
image_0157.jpg,label_0157.png,True,False,False
image_0158.jpg,label_0158.png,True,False,False
image_0159.jpg,label_0159.png,False,True,False
image_0160.jpg,label_0160.png,False,False,True
image_0161.jpg,label_0161.png,False,True,False
image_0162.jpg,label_0162.png,False,False,True
image_0163.jpg,label_0163.png,True,False,False
image_0164.jpg,label_0164.png,True,False,False
image_0165.jpg,label_0165.png,True,False,False
image_0166.jpg,label_0166.png,True,False,False
image_0167.jpg,label_0167.png,True,False,False
image_0168.jpg,label_0168.png,True,False,False
image_0169.jpg,label_0169.png,True,False,False
image_0170.jpg,label_0170.png,True,False,False
image_0171.jpg,label_0171.png,True,False,False
image_0172.jpg,label_0172.png,True,False,False
image_0173.jpg,label_0173.png,False,True,False
image_0174.jpg,label_0174.png,True,False,False
image_0175.jpg,label_0175.png,True,False,False
image_0176.jpg,label_0176.png,True,False,False
image_0177.jpg,label_0177.png,False,False,True
image_0178.jpg,label_0178.png,True,False,False
image_0179.jpg,label_0179.png,False,False,True
image_0180.jpg,label_0180.png,False,True,False
image_0181.jpg,label_0181.png,False,False,True
image_0182.jpg,label_0182.png,True,False,False
image_0183.jpg,label_0183.png,True,False,False
image_0184.jpg,label_0184.png,True,False,False
image_0185.jpg,label_0185.png,True,False,False
image_0186.jpg,label_0186.png,True,False,False
image_0187.jpg,label_0187.png,True,False,False
image_0188.jpg,label_0188.png,True,False,False
image_0189.jpg,label_0189.png,True,False,False
image_0190.jpg,label_0190.png,False,False,True
image_0191.jpg,label_0191.png,True,False,False
image_0192.jpg,label_0192.png,False,False,True
image_0193.jpg,label_0193.png,True,False,False
image_0194.jpg,label_0194.png,True,False,False
image_0195.jpg,label_0195.png,True,False,False
image_0196.jpg,label_0196.png,False,False,True
image_0197.jpg,label_0197.png,True,False,False
image_0198.jpg,label_0198.png,True,False,False
image_0199.jpg,label_0199.png,True,False,False
image_0200.jpg,label_0200.png,False,False,True
image_0201.jpg,label_0201.png,True,False,False
image_0202.jpg,label_0202.png,True,False,False
image_0203.jpg,label_0203.png,True,False,False
image_0204.jpg,label_0204.png,True,False,False
image_0205.jpg,label_0205.png,True,False,False
image_0206.jpg,label_0206.png,True,False,False
image_0207.jpg,label_0207.png,False,False,True
image_0208.jpg,label_0208.png,True,False,False
image_0209.jpg,label_0209.png,True,False,False
image_0210.jpg,label_0210.png,True,False,False
image_0211.jpg,label_0211.png,True,False,False
image_0212.jpg,label_0212.png,True,False,False
image_0213.jpg,label_0213.png,True,False,False
image_0214.jpg,label_0214.png,False,True,False
image_0215.jpg,label_0215.png,True,False,False
image_0216.jpg,label_0216.png,True,False,False
image_0217.jpg,label_0217.png,False,False,True
image_0218.jpg,label_0218.png,False,True,False
image_0219.jpg,label_0219.png,True,False,False
image_0220.jpg,label_0220.png,True,False,False
image_0221.jpg,label_0221.png,False,False,True
image_0222.jpg,label_0222.png,True,False,False
image_0223.jpg,label_0223.png,True,False,False
image_0224.jpg,label_0224.png,False,False,True
image_0225.jpg,label_0225.png,True,False,False
image_0226.jpg,label_0226.png,True,False,False
image_0227.jpg,label_0227.png,False,False,True
image_0228.jpg,label_0228.png,False,True,False
image_0229.jpg,label_0229.png,True,False,False
image_0230.jpg,label_0230.png,True,False,False
image_0231.jpg,label_0231.png,True,False,False
image_0232.jpg,label_0232.png,True,False,False
image_0233.jpg,label_0233.png,False,True,False
image_0234.jpg,label_0234.png,True,False,False
image_0235.jpg,label_0235.png,True,False,False
image_0236.jpg,label_0236.png,False,True,False
image_0237.jpg,label_0237.png,True,False,False
image_0238.jpg,label_0238.png,False,False,True
image_0239.jpg,label_0239.png,True,False,False
image_0240.jpg,label_0240.png,True,False,False
image_0241.jpg,label_0241.png,True,False,False
image_0242.jpg,label_0242.png,False,False,True
image_0243.jpg,label_0243.png,False,True,False
image_0244.jpg,label_0244.png,True,False,False
image_0245.jpg,label_0245.png,False,False,True
image_0246.jpg,label_0246.png,True,False,False
image_0247.jpg,label_0247.png,True,False,False
image_0248.jpg,label_0248.png,False,False,True
image_0249.jpg,label_0249.png,True,False,False
image_0250.jpg,label_0250.png,True,False,False
image_0251.jpg,label_0251.png,True,False,False
image_0252.jpg,label_0252.png,True,False,False
image_0253.jpg,label_0253.png,True,False,False
image_0254.jpg,label_0254.png,True,False,False
image_0255.jpg,label_0255.png,True,False,False
image_0256.jpg,label_0256.png,True,False,False
image_0257.jpg,label_0257.png,True,False,False
image_0258.jpg,label_0258.png,True,False,False
image_0259.jpg,label_0259.png,True,False,False
image_0260.jpg,label_0260.png,True,False,False
image_0261.jpg,label_0261.png,True,False,False
image_0262.jpg,label_0262.png,True,False,False
image_0263.jpg,label_0263.png,True,False,False
image_0264.jpg,label_0264.png,True,False,False
image_0265.jpg,label_0265.png,False,False,True
image_0266.jpg,label_0266.png,True,False,False
image_0267.jpg,label_0267.png,False,False,True
image_0268.jpg,label_0268.png,True,False,False
image_0269.jpg,label_0269.png,True,False,False
image_0270.jpg,label_0270.png,True,False,False
image_0271.jpg,label_0271.png,True,False,False
image_0272.jpg,label_0272.png,True,False,False
image_0273.jpg,label_0273.png,True,False,False
image_0274.jpg,label_0274.png,True,False,False
image_0275.jpg,label_0275.png,True,False,False
image_0276.jpg,label_0276.png,True,False,False
image_0277.jpg,label_0277.png,True,False,False
image_0278.jpg,label_0278.png,True,False,False
image_0279.jpg,label_0279.png,True,False,False
image_0280.jpg,label_0280.png,True,False,False
image_0281.jpg,label_0281.png,True,False,False
image_0282.jpg,label_0282.png,False,False,True
image_0283.jpg,label_0283.png,True,False,False
image_0284.jpg,label_0284.png,False,True,False
image_0285.jpg,label_0285.png,False,False,True
image_0286.jpg,label_0286.png,True,False,False
image_0287.jpg,label_0287.png,True,False,False
image_0288.jpg,label_0288.png,False,False,True
image_0289.jpg,label_0289.png,False,False,True
image_0290.jpg,label_0290.png,True,False,False
image_0291.jpg,label_0291.png,True,False,False
image_0292.jpg,label_0292.png,False,False,True
image_0293.jpg,label_0293.png,True,False,False
image_0294.jpg,label_0294.png,False,False,True
image_0295.jpg,label_0295.png,False,False,True
image_0296.jpg,label_0296.png,True,False,False
image_0297.jpg,label_0297.png,True,False,False
image_0298.jpg,label_0298.png,True,False,False
image_0299.jpg,label_0299.png,True,False,False
image_0300.jpg,label_0300.png,True,False,False
image_0301.jpg,label_0301.png,True,False,False
image_0302.jpg,label_0302.png,True,False,False
image_0303.jpg,label_0303.png,True,False,False
image_0304.jpg,label_0304.png,True,False,False
image_0305.jpg,label_0305.png,False,False,True
image_0306.jpg,label_0306.png,True,False,False
image_0307.jpg,label_0307.png,True,False,False
image_0308.jpg,label_0308.png,True,False,False
image_0309.jpg,label_0309.png,True,False,False
image_0310.jpg,label_0310.png,True,False,False
image_0311.jpg,label_0311.png,True,False,False
image_0312.jpg,label_0312.png,False,False,True
image_0313.jpg,label_0313.png,False,False,True
image_0314.jpg,label_0314.png,True,False,False
image_0315.jpg,label_0315.png,True,False,False
image_0316.jpg,label_0316.png,True,False,False
image_0317.jpg,label_0317.png,True,False,False
image_0318.jpg,label_0318.png,True,False,False
image_0319.jpg,label_0319.png,True,False,False
image_0320.jpg,label_0320.png,False,True,False
image_0321.jpg,label_0321.png,True,False,False
image_0322.jpg,label_0322.png,True,False,False
image_0323.jpg,label_0323.png,True,False,False
image_0324.jpg,label_0324.png,True,False,False
image_0325.jpg,label_0325.png,True,False,False
image_0326.jpg,label_0326.png,True,False,False
image_0327.jpg,label_0327.png,True,False,False
image_0328.jpg,label_0328.png,False,True,False
image_0329.jpg,label_0329.png,False,False,True
image_0330.jpg,label_0330.png,True,False,False
image_0331.jpg,label_0331.png,False,False,True
image_0332.jpg,label_0332.png,False,True,False
image_0333.jpg,label_0333.png,False,True,False
image_0334.jpg,label_0334.png,True,False,False
image_0335.jpg,label_0335.png,True,False,False
image_0336.jpg,label_0336.png,True,False,False
image_0337.jpg,label_0337.png,True,False,False
image_0338.jpg,label_0338.png,True,False,False
image_0339.jpg,label_0339.png,True,False,False
image_0340.jpg,label_0340.png,True,False,False
image_0341.jpg,label_0341.png,True,False,False
image_0342.jpg,label_0342.png,True,False,False
image_0343.jpg,label_0343.png,True,False,False
image_0344.jpg,label_0344.png,True,False,False
image_0345.jpg,label_0345.png,True,False,False
image_0346.jpg,label_0346.png,True,False,False
image_0347.jpg,label_0347.png,False,True,False
image_0348.jpg,label_0348.png,True,False,False
image_0349.jpg,label_0349.png,True,False,False
image_0350.jpg,label_0350.png,True,False,False
image_0351.jpg,label_0351.png,True,False,False
image_0352.jpg,label_0352.png,True,False,False
image_0353.jpg,label_0353.png,False,False,True
image_0354.jpg,label_0354.png,True,False,False
image_0355.jpg,label_0355.png,True,False,False
image_0356.jpg,label_0356.png,True,False,False
image_0357.jpg,label_0357.png,True,False,False
image_0358.jpg,label_0358.png,True,False,False
image_0359.jpg,label_0359.png,True,False,False
image_0360.jpg,label_0360.png,True,False,False
image_0361.jpg,label_0361.png,True,False,False
image_0362.jpg,label_0362.png,False,True,False
image_0363.jpg,label_0363.png,True,False,False
image_0364.jpg,label_0364.png,True,False,False
image_0365.jpg,label_0365.png,False,True,False
image_0366.jpg,label_0366.png,True,False,False
image_0367.jpg,label_0367.png,False,True,False
image_0368.jpg,label_0368.png,True,False,False
image_0369.jpg,label_0369.png,True,False,False
image_0370.jpg,label_0370.png,False,True,False
image_0371.jpg,label_0371.png,False,False,True
image_0372.jpg,label_0372.png,True,False,False
image_0373.jpg,label_0373.png,True,False,False
image_0374.jpg,label_0374.png,True,False,False
image_0375.jpg,label_0375.png,False,True,False
image_0376.jpg,label_0376.png,False,True,False
image_0377.jpg,label_0377.png,True,False,False
image_0378.jpg,label_0378.png,False,True,False
image_0379.jpg,label_0379.png,False,False,True
image_0380.jpg,label_0380.png,True,False,False
image_0381.jpg,label_0381.png,False,False,True
image_0382.jpg,label_0382.png,False,False,True
image_0383.jpg,label_0383.png,True,False,False
image_0384.jpg,label_0384.png,False,False,True
image_0385.jpg,label_0385.png,True,False,False
image_0386.jpg,label_0386.png,True,False,False
image_0387.jpg,label_0387.png,True,False,False
image_0388.jpg,label_0388.png,True,False,False
image_0389.jpg,label_0389.png,True,False,False
image_0390.jpg,label_0390.png,True,False,False
image_0391.jpg,label_0391.png,True,False,False
image_0392.jpg,label_0392.png,False,True,False
image_0393.jpg,label_0393.png,True,False,False
image_0394.jpg,label_0394.png,False,False,True
image_0395.jpg,label_0395.png,True,False,False
image_0396.jpg,label_0396.png,True,False,False
image_0397.jpg,label_0397.png,True,False,False
image_0398.jpg,label_0398.png,True,False,False
image_0399.jpg,label_0399.png,True,False,False
image_0400.jpg,label_0400.png,False,False,True
image_0401.jpg,label_0401.png,False,True,False
image_0402.jpg,label_0402.png,True,False,False
image_0403.jpg,label_0403.png,True,False,False
image_0404.jpg,label_0404.png,True,False,False
image_0405.jpg,label_0405.png,True,False,False
image_0406.jpg,label_0406.png,False,True,False
image_0407.jpg,label_0407.png,True,False,False
image_0408.jpg,label_0408.png,False,True,False
image_0409.jpg,label_0409.png,True,False,False
image_0410.jpg,label_0410.png,True,False,False
image_0411.jpg,label_0411.png,False,True,False
image_0412.jpg,label_0412.png,True,False,False
image_0413.jpg,label_0413.png,True,False,False
image_0414.jpg,label_0414.png,True,False,False
image_0415.jpg,label_0415.png,True,False,False
image_0416.jpg,label_0416.png,True,False,False
image_0417.jpg,label_0417.png,True,False,False
image_0418.jpg,label_0418.png,True,False,False
image_0419.jpg,label_0419.png,False,True,False
image_0420.jpg,label_0420.png,True,False,False
image_0421.jpg,label_0421.png,True,False,False
image_0422.jpg,label_0422.png,True,False,False
image_0423.jpg,label_0423.png,True,False,False
image_0424.jpg,label_0424.png,True,False,False
image_0425.jpg,label_0425.png,True,False,False
image_0426.jpg,label_0426.png,True,False,False
image_0427.jpg,label_0427.png,True,False,False
image_0428.jpg,label_0428.png,True,False,False
image_0429.jpg,label_0429.png,True,False,False
image_0430.jpg,label_0430.png,True,False,False
image_0431.jpg,label_0431.png,False,True,False
image_0432.jpg,label_0432.png,True,False,False
image_0433.jpg,label_0433.png,False,False,True
image_0434.jpg,label_0434.png,True,False,False
image_0435.jpg,label_0435.png,True,False,False
image_0436.jpg,label_0436.png,True,False,False
image_0437.jpg,label_0437.png,True,False,False
image_0438.jpg,label_0438.png,True,False,False
image_0439.jpg,label_0439.png,True,False,False
image_0440.jpg,label_0440.png,True,False,False
image_0441.jpg,label_0441.png,True,False,False
image_0442.jpg,label_0442.png,True,False,False
image_0443.jpg,label_0443.png,True,False,False
image_0444.jpg,label_0444.png,True,False,False
image_0445.jpg,label_0445.png,True,False,False
image_0446.jpg,label_0446.png,True,False,False
image_0447.jpg,label_0447.png,False,False,True
image_0448.jpg,label_0448.png,True,False,False
image_0449.jpg,label_0449.png,True,False,False
image_0450.jpg,label_0450.png,True,False,False
image_0451.jpg,label_0451.png,False,True,False
image_0452.jpg,label_0452.png,False,False,True
image_0453.jpg,label_0453.png,True,False,False
image_0454.jpg,label_0454.png,False,True,False
image_0455.jpg,label_0455.png,True,False,False
image_0456.jpg,label_0456.png,True,False,False
image_0457.jpg,label_0457.png,False,True,False
image_0458.jpg,label_0458.png,True,False,False
image_0459.jpg,label_0459.png,True,False,False
image_0460.jpg,label_0460.png,True,False,False
image_0461.jpg,label_0461.png,True,False,False
image_0462.jpg,label_0462.png,True,False,False
image_0463.jpg,label_0463.png,True,False,False
image_0464.jpg,label_0464.png,True,False,False
image_0465.jpg,label_0465.png,False,True,False
image_0466.jpg,label_0466.png,True,False,False
image_0467.jpg,label_0467.png,True,False,False
image_0468.jpg,label_0468.png,False,True,False
image_0469.jpg,label_0469.png,True,False,False
image_0470.jpg,label_0470.png,True,False,False
image_0471.jpg,label_0471.png,True,False,False
image_0472.jpg,label_0472.png,True,False,False
image_0473.jpg,label_0473.png,True,False,False
image_0474.jpg,label_0474.png,False,True,False
image_0475.jpg,label_0475.png,True,False,False
image_0476.jpg,label_0476.png,True,False,False
image_0477.jpg,label_0477.png,False,True,False
image_0478.jpg,label_0478.png,True,False,False
image_0479.jpg,label_0479.png,True,False,False
image_0480.jpg,label_0480.png,False,False,True
image_0481.jpg,label_0481.png,True,False,False
image_0482.jpg,label_0482.png,True,False,False
image_0483.jpg,label_0483.png,True,False,False
image_0484.jpg,label_0484.png,False,True,False
image_0485.jpg,label_0485.png,True,False,False
image_0486.jpg,label_0486.png,True,False,False
image_0487.jpg,label_0487.png,True,False,False
image_0488.jpg,label_0488.png,True,False,False
image_0489.jpg,label_0489.png,True,False,False
image_0490.jpg,label_0490.png,True,False,False
image_0491.jpg,label_0491.png,True,False,False
image_0492.jpg,label_0492.png,True,False,False
image_0493.jpg,label_0493.png,False,False,True
image_0494.jpg,label_0494.png,True,False,False
image_0495.jpg,label_0495.png,True,False,False
image_0496.jpg,label_0496.png,True,False,False
image_0497.jpg,label_0497.png,True,False,False
image_0498.jpg,label_0498.png,True,False,False
image_0499.jpg,label_0499.png,True,False,False
image_0500.jpg,label_0500.png,True,False,False
image_0501.jpg,label_0501.png,True,False,False
image_0502.jpg,label_0502.png,True,False,False
image_0503.jpg,label_0503.png,True,False,False
image_0504.jpg,label_0504.png,True,False,False
image_0505.jpg,label_0505.png,True,False,False
image_0506.jpg,label_0506.png,False,True,False
image_0507.jpg,label_0507.png,False,True,False
image_0508.jpg,label_0508.png,True,False,False
image_0509.jpg,label_0509.png,True,False,False
image_0510.jpg,label_0510.png,True,False,False
image_0511.jpg,label_0511.png,True,False,False
image_0512.jpg,label_0512.png,True,False,False
image_0513.jpg,label_0513.png,True,False,False
image_0514.jpg,label_0514.png,False,False,True
image_0515.jpg,label_0515.png,True,False,False
image_0516.jpg,label_0516.png,True,False,False
image_0517.jpg,label_0517.png,True,False,False
image_0518.jpg,label_0518.png,True,False,False
image_0519.jpg,label_0519.png,True,False,False
image_0520.jpg,label_0520.png,True,False,False
image_0521.jpg,label_0521.png,False,True,False
image_0522.jpg,label_0522.png,True,False,False
image_0523.jpg,label_0523.png,True,False,False
image_0524.jpg,label_0524.png,False,True,False
image_0525.jpg,label_0525.png,True,False,False
image_0526.jpg,label_0526.png,True,False,False
image_0527.jpg,label_0527.png,True,False,False
image_0528.jpg,label_0528.png,True,False,False
image_0529.jpg,label_0529.png,True,False,False
image_0530.jpg,label_0530.png,False,False,True
image_0531.jpg,label_0531.png,True,False,False
image_0532.jpg,label_0532.png,False,True,False
image_0533.jpg,label_0533.png,True,False,False
image_0534.jpg,label_0534.png,False,True,False
image_0535.jpg,label_0535.png,True,False,False
image_0536.jpg,label_0536.png,True,False,False
image_0537.jpg,label_0537.png,True,False,False
image_0538.jpg,label_0538.png,True,False,False
image_0539.jpg,label_0539.png,False,False,True
image_0540.jpg,label_0540.png,True,False,False
image_0541.jpg,label_0541.png,True,False,False
image_0542.jpg,label_0542.png,True,False,False
image_0543.jpg,label_0543.png,True,False,False
image_0544.jpg,label_0544.png,True,False,False
image_0545.jpg,label_0545.png,True,False,False
image_0546.jpg,label_0546.png,True,False,False
image_0547.jpg,label_0547.png,True,False,False
image_0548.jpg,label_0548.png,True,False,False
image_0549.jpg,label_0549.png,True,False,False
image_0550.jpg,label_0550.png,True,False,False
image_0551.jpg,label_0551.png,True,False,False
image_0552.jpg,label_0552.png,True,False,False
image_0553.jpg,label_0553.png,True,False,False
image_0554.jpg,label_0554.png,False,False,True
image_0555.jpg,label_0555.png,True,False,False
image_0556.jpg,label_0556.png,True,False,False
image_0557.jpg,label_0557.png,True,False,False
image_0558.jpg,label_0558.png,True,False,False
image_0559.jpg,label_0559.png,False,True,False
image_0560.jpg,label_0560.png,True,False,False
image_0561.jpg,label_0561.png,True,False,False
image_0562.jpg,label_0562.png,True,False,False
image_0563.jpg,label_0563.png,True,False,False
image_0564.jpg,label_0564.png,True,False,False
image_0565.jpg,label_0565.png,True,False,False
image_0566.jpg,label_0566.png,True,False,False
image_0567.jpg,label_0567.png,True,False,False
image_0568.jpg,label_0568.png,False,False,True
image_0569.jpg,label_0569.png,True,False,False
image_0570.jpg,label_0570.png,False,True,False
image_0571.jpg,label_0571.png,False,False,True
image_0572.jpg,label_0572.png,True,False,False
image_0573.jpg,label_0573.png,False,True,False
image_0574.jpg,label_0574.png,True,False,False
image_0575.jpg,label_0575.png,True,False,False
image_0576.jpg,label_0576.png,False,False,True
image_0577.jpg,label_0577.png,True,False,False
image_0578.jpg,label_0578.png,False,False,True
image_0579.jpg,label_0579.png,True,False,False
image_0580.jpg,label_0580.png,True,False,False
image_0581.jpg,label_0581.png,True,False,False
image_0582.jpg,label_0582.png,True,False,False
image_0583.jpg,label_0583.png,True,False,False
image_0584.jpg,label_0584.png,False,True,False
image_0585.jpg,label_0585.png,True,False,False
image_0586.jpg,label_0586.png,True,False,False
image_0587.jpg,label_0587.png,True,False,False
image_0588.jpg,label_0588.png,True,False,False
image_0589.jpg,label_0589.png,True,False,False
image_0590.jpg,label_0590.png,True,False,False
image_0591.jpg,label_0591.png,True,False,False
image_0592.jpg,label_0592.png,True,False,False
image_0593.jpg,label_0593.png,True,False,False
image_0594.jpg,label_0594.png,False,False,True
image_0595.jpg,label_0595.png,True,False,False
image_0596.jpg,label_0596.png,True,False,False
image_0597.jpg,label_0597.png,True,False,False
image_0598.jpg,label_0598.png,True,False,False
image_0599.jpg,label_0599.png,True,False,False
image_0600.jpg,label_0600.png,False,False,True
image_0601.jpg,label_0601.png,True,False,False
image_0602.jpg,label_0602.png,False,False,True
image_0603.jpg,label_0603.png,True,False,False
image_0604.jpg,label_0604.png,True,False,False
image_0605.jpg,label_0605.png,True,False,False
image_0606.jpg,label_0606.png,True,False,False
image_0607.jpg,label_0607.png,True,False,False
image_0608.jpg,label_0608.png,True,False,False
image_0609.jpg,label_0609.png,True,False,False
image_0610.jpg,label_0610.png,True,False,False
image_0611.jpg,label_0611.png,True,False,False
image_0612.jpg,label_0612.png,False,True,False
image_0613.jpg,label_0613.png,False,True,False
image_0614.jpg,label_0614.png,True,False,False
image_0615.jpg,label_0615.png,True,False,False
image_0616.jpg,label_0616.png,True,False,False
image_0617.jpg,label_0617.png,True,False,False
image_0618.jpg,label_0618.png,False,True,False
image_0619.jpg,label_0619.png,True,False,False
image_0620.jpg,label_0620.png,True,False,False
image_0621.jpg,label_0621.png,True,False,False
image_0622.jpg,label_0622.png,True,False,False
image_0623.jpg,label_0623.png,True,False,False
image_0624.jpg,label_0624.png,True,False,False
image_0625.jpg,label_0625.png,True,False,False
image_0626.jpg,label_0626.png,False,True,False
image_0627.jpg,label_0627.png,True,False,False
image_0628.jpg,label_0628.png,True,False,False
image_0629.jpg,label_0629.png,True,False,False
image_0630.jpg,label_0630.png,True,False,False
image_0631.jpg,label_0631.png,True,False,False
image_0632.jpg,label_0632.png,True,False,False
image_0633.jpg,label_0633.png,True,False,False
image_0634.jpg,label_0634.png,True,False,False
image_0635.jpg,label_0635.png,True,False,False
image_0636.jpg,label_0636.png,False,True,False
image_0637.jpg,label_0637.png,False,False,True
image_0638.jpg,label_0638.png,True,False,False
image_0639.jpg,label_0639.png,True,False,False
image_0640.jpg,label_0640.png,True,False,False
image_0641.jpg,label_0641.png,True,False,False
image_0642.jpg,label_0642.png,True,False,False
image_0643.jpg,label_0643.png,True,False,False
image_0644.jpg,label_0644.png,True,False,False
image_0645.jpg,label_0645.png,True,False,False
image_0646.jpg,label_0646.png,True,False,False
image_0647.jpg,label_0647.png,True,False,False
image_0648.jpg,label_0648.png,True,False,False
image_0649.jpg,label_0649.png,True,False,False
image_0650.jpg,label_0650.png,True,False,False
image_0651.jpg,label_0651.png,False,True,False
image_0652.jpg,label_0652.png,True,False,False
image_0653.jpg,label_0653.png,True,False,False
image_0654.jpg,label_0654.png,True,False,False
image_0655.jpg,label_0655.png,True,False,False
image_0656.jpg,label_0656.png,True,False,False
image_0657.jpg,label_0657.png,True,False,False
image_0658.jpg,label_0658.png,False,True,False
image_0659.jpg,label_0659.png,True,False,False
image_0660.jpg,label_0660.png,True,False,False
image_0661.jpg,label_0661.png,True,False,False
image_0662.jpg,label_0662.png,True,False,False
image_0663.jpg,label_0663.png,False,False,True
image_0664.jpg,label_0664.png,False,True,False
image_0665.jpg,label_0665.png,True,False,False
image_0666.jpg,label_0666.png,True,False,False
image_0667.jpg,label_0667.png,True,False,False
image_0668.jpg,label_0668.png,True,False,False
image_0669.jpg,label_0669.png,True,False,False
image_0670.jpg,label_0670.png,False,True,False
image_0671.jpg,label_0671.png,False,False,True
image_0672.jpg,label_0672.png,False,True,False
image_0673.jpg,label_0673.png,True,False,False
image_0674.jpg,label_0674.png,False,True,False
image_0675.jpg,label_0675.png,True,False,False
image_0676.jpg,label_0676.png,False,True,False
image_0677.jpg,label_0677.png,False,True,False
image_0678.jpg,label_0678.png,True,False,False
image_0679.jpg,label_0679.png,True,False,False
image_0680.jpg,label_0680.png,True,False,False
image_0681.jpg,label_0681.png,False,False,True
image_0682.jpg,label_0682.png,True,False,False
image_0683.jpg,label_0683.png,True,False,False
image_0684.jpg,label_0684.png,True,False,False
image_0685.jpg,label_0685.png,True,False,False
image_0686.jpg,label_0686.png,True,False,False
image_0687.jpg,label_0687.png,True,False,False
image_0688.jpg,label_0688.png,False,False,True
image_0689.jpg,label_0689.png,True,False,False
image_0690.jpg,label_0690.png,True,False,False
image_0691.jpg,label_0691.png,True,False,False
image_0692.jpg,label_0692.png,False,True,False
image_0693.jpg,label_0693.png,True,False,False
image_0694.jpg,label_0694.png,True,False,False
image_0695.jpg,label_0695.png,True,False,False
image_0696.jpg,label_0696.png,True,False,False
image_0697.jpg,label_0697.png,True,False,False
image_0698.jpg,label_0698.png,True,False,False
image_0699.jpg,label_0699.png,True,False,False
image_0700.jpg,label_0700.png,True,False,False
image_0701.jpg,label_0701.png,True,False,False
image_0702.jpg,label_0702.png,False,False,True
image_0703.jpg,label_0703.png,True,False,False
image_0704.jpg,label_0704.png,True,False,False
image_0705.jpg,label_0705.png,False,True,False
image_0706.jpg,label_0706.png,True,False,False
image_0707.jpg,label_0707.png,True,False,False
image_0708.jpg,label_0708.png,False,True,False
image_0709.jpg,label_0709.png,True,False,False
image_0710.jpg,label_0710.png,False,True,False
image_0711.jpg,label_0711.png,False,True,False
image_0712.jpg,label_0712.png,True,False,False
image_0713.jpg,label_0713.png,True,False,False
image_0714.jpg,label_0714.png,True,False,False
image_0715.jpg,label_0715.png,True,False,False
image_0716.jpg,label_0716.png,True,False,False
image_0717.jpg,label_0717.png,False,True,False
image_0718.jpg,label_0718.png,True,False,False
image_0719.jpg,label_0719.png,True,False,False
image_0720.jpg,label_0720.png,True,False,False
image_0721.jpg,label_0721.png,True,False,False
image_0722.jpg,label_0722.png,True,False,False
image_0723.jpg,label_0723.png,True,False,False
image_0724.jpg,label_0724.png,True,False,False
image_0725.jpg,label_0725.png,True,False,False
image_0726.jpg,label_0726.png,True,False,False
image_0727.jpg,label_0727.png,True,False,False
image_0728.jpg,label_0728.png,True,False,False
image_0729.jpg,label_0729.png,False,False,True
image_0730.jpg,label_0730.png,True,False,False
image_0731.jpg,label_0731.png,True,False,False
image_0732.jpg,label_0732.png,True,False,False
image_0733.jpg,label_0733.png,True,False,False
image_0734.jpg,label_0734.png,True,False,False
image_0735.jpg,label_0735.png,True,False,False
image_0736.jpg,label_0736.png,True,False,False
image_0737.jpg,label_0737.png,True,False,False
image_0738.jpg,label_0738.png,True,False,False
image_0739.jpg,label_0739.png,False,False,True
image_0740.jpg,label_0740.png,False,False,True
image_0741.jpg,label_0741.png,True,False,False
image_0742.jpg,label_0742.png,True,False,False
image_0743.jpg,label_0743.png,True,False,False
image_0744.jpg,label_0744.png,True,False,False
image_0745.jpg,label_0745.png,True,False,False
image_0746.jpg,label_0746.png,True,False,False
image_0747.jpg,label_0747.png,False,False,True
image_0748.jpg,label_0748.png,True,False,False
image_0749.jpg,label_0749.png,False,True,False
image_0750.jpg,label_0750.png,True,False,False
image_0751.jpg,label_0751.png,False,False,True
image_0752.jpg,label_0752.png,True,False,False
image_0753.jpg,label_0753.png,True,False,False
image_0754.jpg,label_0754.png,False,False,True
image_0755.jpg,label_0755.png,False,False,True
image_0756.jpg,label_0756.png,True,False,False
image_0757.jpg,label_0757.png,True,False,False
image_0758.jpg,label_0758.png,True,False,False
image_0759.jpg,label_0759.png,True,False,False
image_0760.jpg,label_0760.png,True,False,False
image_0761.jpg,label_0761.png,True,False,False
image_0762.jpg,label_0762.png,True,False,False
image_0763.jpg,label_0763.png,True,False,False
image_0764.jpg,label_0764.png,True,False,False
image_0765.jpg,label_0765.png,False,False,True
image_0766.jpg,label_0766.png,True,False,False
image_0767.jpg,label_0767.png,True,False,False
image_0768.jpg,label_0768.png,True,False,False
image_0769.jpg,label_0769.png,True,False,False
image_0770.jpg,label_0770.png,True,False,False
image_0771.jpg,label_0771.png,False,False,True
image_0772.jpg,label_0772.png,True,False,False
image_0773.jpg,label_0773.png,True,False,False
image_0774.jpg,label_0774.png,True,False,False
image_0775.jpg,label_0775.png,True,False,False
image_0776.jpg,label_0776.png,True,False,False
image_0777.jpg,label_0777.png,True,False,False
image_0778.jpg,label_0778.png,True,False,False
image_0779.jpg,label_0779.png,False,True,False
image_0780.jpg,label_0780.png,True,False,False
image_0781.jpg,label_0781.png,True,False,False
image_0782.jpg,label_0782.png,True,False,False
image_0783.jpg,label_0783.png,True,False,False
image_0784.jpg,label_0784.png,True,False,False
image_0785.jpg,label_0785.png,True,False,False
image_0786.jpg,label_0786.png,False,False,True
image_0787.jpg,label_0787.png,False,False,True
image_0788.jpg,label_0788.png,False,True,False
image_0789.jpg,label_0789.png,True,False,False
image_0790.jpg,label_0790.png,True,False,False
image_0791.jpg,label_0791.png,True,False,False
image_0792.jpg,label_0792.png,True,False,False
image_0793.jpg,label_0793.png,True,False,False
image_0794.jpg,label_0794.png,True,False,False
image_0795.jpg,label_0795.png,False,True,False
image_0796.jpg,label_0796.png,True,False,False
image_0797.jpg,label_0797.png,True,False,False
image_0798.jpg,label_0798.png,True,False,False
image_0799.jpg,label_0799.png,True,False,False
image_0800.jpg,label_0800.png,True,False,False
image_0801.jpg,label_0801.png,True,False,False
image_0802.jpg,label_0802.png,True,False,False
image_0803.jpg,label_0803.png,True,False,False
image_0804.jpg,label_0804.png,True,False,False
image_0805.jpg,label_0805.png,True,False,False
image_0806.jpg,label_0806.png,False,False,True
image_0807.jpg,label_0807.png,True,False,False
image_0808.jpg,label_0808.png,True,False,False
image_0809.jpg,label_0809.png,False,True,False
image_0810.jpg,label_0810.png,True,False,False
image_0811.jpg,label_0811.png,True,False,False
image_0812.jpg,label_0812.png,True,False,False
image_0813.jpg,label_0813.png,False,False,True
image_0814.jpg,label_0814.png,True,False,False
image_0815.jpg,label_0815.png,False,False,True
image_0816.jpg,label_0816.png,True,False,False
image_0817.jpg,label_0817.png,True,False,False
image_0818.jpg,label_0818.png,True,False,False
image_0819.jpg,label_0819.png,True,False,False
image_0820.jpg,label_0820.png,True,False,False
image_0821.jpg,label_0821.png,True,False,False
image_0822.jpg,label_0822.png,True,False,False
image_0823.jpg,label_0823.png,False,True,False
image_0824.jpg,label_0824.png,False,False,True
image_0825.jpg,label_0825.png,False,False,True
image_0826.jpg,label_0826.png,True,False,False
image_0827.jpg,label_0827.png,True,False,False
image_0828.jpg,label_0828.png,True,False,False
image_0829.jpg,label_0829.png,True,False,False
image_0830.jpg,label_0830.png,True,False,False
image_0831.jpg,label_0831.png,False,False,True
image_0832.jpg,label_0832.png,True,False,False
image_0833.jpg,label_0833.png,True,False,False
image_0834.jpg,label_0834.png,True,False,False
image_0835.jpg,label_0835.png,True,False,False
image_0836.jpg,label_0836.png,True,False,False
image_0837.jpg,label_0837.png,True,False,False
image_0838.jpg,label_0838.png,True,False,False
image_0839.jpg,label_0839.png,False,True,False
image_0840.jpg,label_0840.png,True,False,False
image_0841.jpg,label_0841.png,True,False,False
image_0842.jpg,label_0842.png,True,False,False
image_0843.jpg,label_0843.png,False,True,False
image_0844.jpg,label_0844.png,True,False,False
image_0845.jpg,label_0845.png,False,False,True
image_0846.jpg,label_0846.png,True,False,False
image_0847.jpg,label_0847.png,True,False,False
image_0848.jpg,label_0848.png,True,False,False
image_0849.jpg,label_0849.png,True,False,False
image_0850.jpg,label_0850.png,True,False,False
image_0851.jpg,label_0851.png,True,False,False
image_0852.jpg,label_0852.png,True,False,False
image_0853.jpg,label_0853.png,True,False,False
image_0854.jpg,label_0854.png,True,False,False
image_0855.jpg,label_0855.png,False,False,True
image_0856.jpg,label_0856.png,True,False,False
image_0857.jpg,label_0857.png,True,False,False
image_0858.jpg,label_0858.png,True,False,False
image_0859.jpg,label_0859.png,True,False,False
image_0860.jpg,label_0860.png,False,True,False
image_0861.jpg,label_0861.png,True,False,False
image_0862.jpg,label_0862.png,True,False,False
image_0863.jpg,label_0863.png,True,False,False
image_0864.jpg,label_0864.png,True,False,False
image_0865.jpg,label_0865.png,True,False,False
image_0866.jpg,label_0866.png,True,False,False
image_0867.jpg,label_0867.png,True,False,False
image_0868.jpg,label_0868.png,False,False,True
image_0869.jpg,label_0869.png,True,False,False
image_0870.jpg,label_0870.png,False,True,False
image_0871.jpg,label_0871.png,True,False,False
image_0872.jpg,label_0872.png,True,False,False
image_0873.jpg,label_0873.png,True,False,False
image_0874.jpg,label_0874.png,False,False,True
image_0875.jpg,label_0875.png,False,True,False
image_0876.jpg,label_0876.png,True,False,False
image_0877.jpg,label_0877.png,True,False,False
image_0878.jpg,label_0878.png,True,False,False
image_0879.jpg,label_0879.png,True,False,False
image_0880.jpg,label_0880.png,True,False,False
image_0881.jpg,label_0881.png,True,False,False
image_0882.jpg,label_0882.png,True,False,False
image_0883.jpg,label_0883.png,True,False,False
image_0884.jpg,label_0884.png,True,False,False
image_0885.jpg,label_0885.png,True,False,False
image_0886.jpg,label_0886.png,True,False,False
image_0887.jpg,label_0887.png,True,False,False
image_0888.jpg,label_0888.png,True,False,False
image_0889.jpg,label_0889.png,False,True,False
image_0890.jpg,label_0890.png,False,False,True
image_0891.jpg,label_0891.png,True,False,False
image_0892.jpg,label_0892.png,False,True,False
image_0893.jpg,label_0893.png,True,False,False
image_0894.jpg,label_0894.png,True,False,False
image_0895.jpg,label_0895.png,True,False,False
image_0896.jpg,label_0896.png,True,False,False
image_0897.jpg,label_0897.png,True,False,False
image_0898.jpg,label_0898.png,True,False,False
image_0899.jpg,label_0899.png,True,False,False
image_0900.jpg,label_0900.png,True,False,False
image_0901.jpg,label_0901.png,True,False,False
image_0902.jpg,label_0902.png,True,False,False
image_0903.jpg,label_0903.png,False,False,True
image_0904.jpg,label_0904.png,False,False,True
image_0905.jpg,label_0905.png,True,False,False
image_0906.jpg,label_0906.png,True,False,False
image_0907.jpg,label_0907.png,True,False,False
image_0908.jpg,label_0908.png,True,False,False
image_0909.jpg,label_0909.png,True,False,False
image_0910.jpg,label_0910.png,True,False,False
image_0911.jpg,label_0911.png,True,False,False
image_0912.jpg,label_0912.png,True,False,False
image_0913.jpg,label_0913.png,True,False,False
image_0914.jpg,label_0914.png,True,False,False
image_0915.jpg,label_0915.png,True,False,False
image_0916.jpg,label_0916.png,True,False,False
image_0917.jpg,label_0917.png,True,False,False
image_0918.jpg,label_0918.png,True,False,False
image_0919.jpg,label_0919.png,False,True,False
image_0920.jpg,label_0920.png,True,False,False
image_0921.jpg,label_0921.png,False,True,False
image_0922.jpg,label_0922.png,True,False,False
image_0923.jpg,label_0923.png,True,False,False
image_0924.jpg,label_0924.png,False,False,True
image_0925.jpg,label_0925.png,True,False,False
image_0926.jpg,label_0926.png,True,False,False
image_0927.jpg,label_0927.png,False,False,True
image_0928.jpg,label_0928.png,True,False,False
image_0929.jpg,label_0929.png,True,False,False
image_0930.jpg,label_0930.png,True,False,False
image_0931.jpg,label_0931.png,True,False,False
image_0932.jpg,label_0932.png,False,True,False
image_0933.jpg,label_0933.png,True,False,False
image_0934.jpg,label_0934.png,True,False,False
image_0935.jpg,label_0935.png,True,False,False
image_0936.jpg,label_0936.png,False,False,True
image_0937.jpg,label_0937.png,False,False,True
image_0938.jpg,label_0938.png,True,False,False
image_0939.jpg,label_0939.png,False,True,False
image_0940.jpg,label_0940.png,False,True,False
image_0941.jpg,label_0941.png,True,False,False
image_0942.jpg,label_0942.png,True,False,False
image_0943.jpg,label_0943.png,True,False,False
image_0944.jpg,label_0944.png,False,False,True
image_0945.jpg,label_0945.png,True,False,False
image_0946.jpg,label_0946.png,True,False,False
image_0947.jpg,label_0947.png,True,False,False
image_0948.jpg,label_0948.png,False,False,True
image_0949.jpg,label_0949.png,True,False,False
image_0950.jpg,label_0950.png,False,False,True
image_0951.jpg,label_0951.png,True,False,False
image_0952.jpg,label_0952.png,True,False,False
image_0953.jpg,label_0953.png,False,False,True
image_0954.jpg,label_0954.png,True,False,False
image_0955.jpg,label_0955.png,False,True,False
image_0956.jpg,label_0956.png,True,False,False
image_0957.jpg,label_0957.png,True,False,False
image_0958.jpg,label_0958.png,True,False,False
image_0959.jpg,label_0959.png,True,False,False
image_0960.jpg,label_0960.png,True,False,False
image_0961.jpg,label_0961.png,True,False,False
image_0962.jpg,label_0962.png,True,False,False
image_0963.jpg,label_0963.png,True,False,False
image_0964.jpg,label_0964.png,True,False,False
image_0965.jpg,label_0965.png,True,False,False
image_0966.jpg,label_0966.png,True,False,False
image_0967.jpg,label_0967.png,True,False,False
image_0968.jpg,label_0968.png,True,False,False
image_0969.jpg,label_0969.png,False,False,True
image_0970.jpg,label_0970.png,True,False,False
image_0971.jpg,label_0971.png,True,False,False
image_0972.jpg,label_0972.png,True,False,False
image_0973.jpg,label_0973.png,True,False,False
image_0974.jpg,label_0974.png,True,False,False
image_0975.jpg,label_0975.png,True,False,False
image_0976.jpg,label_0976.png,True,False,False
image_0977.jpg,label_0977.png,False,False,True
image_0978.jpg,label_0978.png,True,False,False
image_0979.jpg,label_0979.png,True,False,False
image_0980.jpg,label_0980.png,True,False,False
image_0981.jpg,label_0981.png,True,False,False
image_0982.jpg,label_0982.png,True,False,False
image_0983.jpg,label_0983.png,True,False,False
image_0984.jpg,label_0984.png,True,False,False
image_0985.jpg,label_0985.png,True,False,False
image_0986.jpg,label_0986.png,True,False,False
image_0987.jpg,label_0987.png,True,False,False
image_0988.jpg,label_0988.png,False,True,False
image_0989.jpg,label_0989.png,True,False,False
image_0990.jpg,label_0990.png,True,False,False
image_0991.jpg,label_0991.png,True,False,False
image_0992.jpg,label_0992.png,True,False,False
image_0993.jpg,label_0993.png,True,False,False
image_0994.jpg,label_0994.png,True,False,False
image_0995.jpg,label_0995.png,True,False,False
image_0996.jpg,label_0996.png,True,False,False
image_0997.jpg,label_0997.png,True,False,False
image_0998.jpg,label_0998.png,False,True,False
image_0999.jpg,label_0999.png,True,False,False
image_1000.jpg,label_1000.png,True,False,False
image_1001.jpg,label_1001.png,False,True,False
image_1002.jpg,label_1002.png,True,False,False
image_1003.jpg,label_1003.png,True,False,False
image_1004.jpg,label_1004.png,True,False,False
image_1005.jpg,label_1005.png,False,False,True
image_1006.jpg,label_1006.png,True,False,False
image_1007.jpg,label_1007.png,True,False,False
image_1008.jpg,label_1008.png,True,False,False
image_1009.jpg,label_1009.png,True,False,False
image_1010.jpg,label_1010.png,True,False,False
image_1011.jpg,label_1011.png,False,True,False
image_1012.jpg,label_1012.png,True,False,False
image_1013.jpg,label_1013.png,True,False,False
image_1014.jpg,label_1014.png,False,False,True
image_1015.jpg,label_1015.png,True,False,False
image_1016.jpg,label_1016.png,True,False,False
image_1017.jpg,label_1017.png,False,True,False
image_1018.jpg,label_1018.png,True,False,False
image_1019.jpg,label_1019.png,True,False,False
image_1020.jpg,label_1020.png,False,True,False
image_1021.jpg,label_1021.png,True,False,False
image_1022.jpg,label_1022.png,True,False,False
image_1023.jpg,label_1023.png,True,False,False
image_1024.jpg,label_1024.png,False,False,True
image_1025.jpg,label_1025.png,True,False,False
image_1026.jpg,label_1026.png,True,False,False
image_1027.jpg,label_1027.png,True,False,False
image_1028.jpg,label_1028.png,True,False,False
image_1029.jpg,label_1029.png,True,False,False
image_1030.jpg,label_1030.png,True,False,False
image_1031.jpg,label_1031.png,True,False,False
image_1032.jpg,label_1032.png,True,False,False
image_1033.jpg,label_1033.png,True,False,False
image_1034.jpg,label_1034.png,True,False,False
image_1035.jpg,label_1035.png,True,False,False
image_1036.jpg,label_1036.png,True,False,False
image_1037.jpg,label_1037.png,True,False,False
image_1038.jpg,label_1038.png,True,False,False
image_1039.jpg,label_1039.png,True,False,False
image_1040.jpg,label_1040.png,True,False,False
image_1041.jpg,label_1041.png,True,False,False
image_1042.jpg,label_1042.png,True,False,False
image_1043.jpg,label_1043.png,True,False,False
image_1044.jpg,label_1044.png,True,False,False
image_1045.jpg,label_1045.png,True,False,False
image_1046.jpg,label_1046.png,True,False,False
image_1047.jpg,label_1047.png,True,False,False
image_1048.jpg,label_1048.png,True,False,False
image_1049.jpg,label_1049.png,True,False,False
image_1050.jpg,label_1050.png,True,False,False
image_1051.jpg,label_1051.png,True,False,False
image_1052.jpg,label_1052.png,True,False,False
image_1053.jpg,label_1053.png,False,False,True
image_1054.jpg,label_1054.png,False,False,True
image_1055.jpg,label_1055.png,True,False,False
image_1056.jpg,label_1056.png,True,False,False
image_1057.jpg,label_1057.png,True,False,False
image_1058.jpg,label_1058.png,False,False,True
image_1059.jpg,label_1059.png,True,False,False
image_1060.jpg,label_1060.png,True,False,False
image_1061.jpg,label_1061.png,True,False,False
image_1062.jpg,label_1062.png,True,False,False
image_1063.jpg,label_1063.png,True,False,False
image_1064.jpg,label_1064.png,True,False,False
image_1065.jpg,label_1065.png,True,False,False
image_1066.jpg,label_1066.png,False,True,False
image_1067.jpg,label_1067.png,False,True,False
image_1068.jpg,label_1068.png,False,False,True
image_1069.jpg,label_1069.png,True,False,False
image_1070.jpg,label_1070.png,True,False,False
image_1071.jpg,label_1071.png,False,False,True
image_1072.jpg,label_1072.png,True,False,False
image_1073.jpg,label_1073.png,True,False,False
image_1074.jpg,label_1074.png,True,False,False
image_1075.jpg,label_1075.png,True,False,False
image_1076.jpg,label_1076.png,True,False,False
image_1077.jpg,label_1077.png,True,False,False
image_1078.jpg,label_1078.png,False,False,True
image_1079.jpg,label_1079.png,True,False,False
image_1080.jpg,label_1080.png,True,False,False
image_1081.jpg,label_1081.png,False,True,False
image_1082.jpg,label_1082.png,True,False,False
image_1083.jpg,label_1083.png,True,False,False
image_1084.jpg,label_1084.png,True,False,False
image_1085.jpg,label_1085.png,False,True,False
image_1086.jpg,label_1086.png,True,False,False
image_1087.jpg,label_1087.png,True,False,False
image_1088.jpg,label_1088.png,True,False,False
image_1089.jpg,label_1089.png,True,False,False
image_1090.jpg,label_1090.png,True,False,False
image_1091.jpg,label_1091.png,True,False,False
image_1092.jpg,label_1092.png,True,False,False
image_1093.jpg,label_1093.png,True,False,False
image_1094.jpg,label_1094.png,True,False,False
image_1095.jpg,label_1095.png,True,False,False
image_1096.jpg,label_1096.png,True,False,False
image_1097.jpg,label_1097.png,True,False,False
image_1098.jpg,label_1098.png,True,False,False
image_1099.jpg,label_1099.png,True,False,False
image_1100.jpg,label_1100.png,True,False,False
image_1101.jpg,label_1101.png,True,False,False
image_1102.jpg,label_1102.png,True,False,False
image_1103.jpg,label_1103.png,True,False,False
image_1104.jpg,label_1104.png,True,False,False
image_1105.jpg,label_1105.png,True,False,False
image_1106.jpg,label_1106.png,True,False,False
image_1107.jpg,label_1107.png,True,False,False
image_1108.jpg,label_1108.png,True,False,False
image_1109.jpg,label_1109.png,True,False,False
image_1110.jpg,label_1110.png,True,False,False
image_1111.jpg,label_1111.png,True,False,False
image_1112.jpg,label_1112.png,True,False,False
image_1113.jpg,label_1113.png,True,False,False
image_1114.jpg,label_1114.png,True,False,False
image_1115.jpg,label_1115.png,True,False,False
image_1116.jpg,label_1116.png,False,True,False
image_1117.jpg,label_1117.png,True,False,False
image_1118.jpg,label_1118.png,True,False,False
image_1119.jpg,label_1119.png,False,False,True
image_1120.jpg,label_1120.png,True,False,False
image_1121.jpg,label_1121.png,True,False,False
image_1122.jpg,label_1122.png,True,False,False
image_1123.jpg,label_1123.png,True,False,False
image_1124.jpg,label_1124.png,True,False,False
image_1125.jpg,label_1125.png,False,True,False
image_1126.jpg,label_1126.png,True,False,False
image_1127.jpg,label_1127.png,True,False,False
image_1128.jpg,label_1128.png,True,False,False
image_1129.jpg,label_1129.png,True,False,False
image_1130.jpg,label_1130.png,True,False,False
image_1131.jpg,label_1131.png,True,False,False
image_1132.jpg,label_1132.png,True,False,False
image_1133.jpg,label_1133.png,True,False,False
image_1134.jpg,label_1134.png,True,False,False
image_1135.jpg,label_1135.png,True,False,False
image_1136.jpg,label_1136.png,True,False,False
image_1137.jpg,label_1137.png,False,False,True
image_1138.jpg,label_1138.png,False,True,False
image_1139.jpg,label_1139.png,True,False,False
image_1140.jpg,label_1140.png,True,False,False
image_1141.jpg,label_1141.png,False,False,True
image_1142.jpg,label_1142.png,False,False,True
image_1143.jpg,label_1143.png,True,False,False
image_1144.jpg,label_1144.png,True,False,False
image_1145.jpg,label_1145.png,True,False,False
image_1146.jpg,label_1146.png,False,True,False
image_1147.jpg,label_1147.png,True,False,False
image_1148.jpg,label_1148.png,True,False,False
image_1149.jpg,label_1149.png,False,False,True
image_1150.jpg,label_1150.png,True,False,False
image_1151.jpg,label_1151.png,True,False,False
image_1152.jpg,label_1152.png,True,False,False
image_1153.jpg,label_1153.png,True,False,False
image_1154.jpg,label_1154.png,True,False,False
image_1155.jpg,label_1155.png,True,False,False
image_1156.jpg,label_1156.png,True,False,False
image_1157.jpg,label_1157.png,True,False,False
image_1158.jpg,label_1158.png,True,False,False
image_1159.jpg,label_1159.png,True,False,False
image_1160.jpg,label_1160.png,True,False,False
image_1161.jpg,label_1161.png,False,True,False
image_1162.jpg,label_1162.png,True,False,False
image_1163.jpg,label_1163.png,False,True,False
image_1164.jpg,label_1164.png,True,False,False
image_1165.jpg,label_1165.png,True,False,False
image_1166.jpg,label_1166.png,True,False,False
image_1167.jpg,label_1167.png,True,False,False
image_1168.jpg,label_1168.png,True,False,False
image_1169.jpg,label_1169.png,True,False,False
image_1170.jpg,label_1170.png,True,False,False
image_1171.jpg,label_1171.png,False,False,True
image_1172.jpg,label_1172.png,True,False,False
image_1173.jpg,label_1173.png,False,False,True
image_1174.jpg,label_1174.png,True,False,False
image_1175.jpg,label_1175.png,True,False,False
image_1176.jpg,label_1176.png,True,False,False
image_1177.jpg,label_1177.png,True,False,False
image_1178.jpg,label_1178.png,True,False,False
image_1179.jpg,label_1179.png,False,False,True
image_1180.jpg,label_1180.png,True,False,False
image_1181.jpg,label_1181.png,True,False,False
image_1182.jpg,label_1182.png,False,True,False
image_1183.jpg,label_1183.png,True,False,False
image_1184.jpg,label_1184.png,True,False,False
image_1185.jpg,label_1185.png,True,False,False
image_1186.jpg,label_1186.png,True,False,False
image_1187.jpg,label_1187.png,False,False,True
image_1188.jpg,label_1188.png,False,False,True
image_1189.jpg,label_1189.png,False,False,True
image_1190.jpg,label_1190.png,True,False,False
image_1191.jpg,label_1191.png,True,False,False
image_1192.jpg,label_1192.png,True,False,False
image_1193.jpg,label_1193.png,False,True,False
image_1194.jpg,label_1194.png,True,False,False
image_1195.jpg,label_1195.png,True,False,False
image_1196.jpg,label_1196.png,True,False,False
image_1197.jpg,label_1197.png,True,False,False
image_1198.jpg,label_1198.png,False,True,False
image_1199.jpg,label_1199.png,True,False,False
image_1200.jpg,label_1200.png,True,False,False
image_1201.jpg,label_1201.png,True,False,False
image_1202.jpg,label_1202.png,True,False,False
image_1203.jpg,label_1203.png,False,True,False
image_1204.jpg,label_1204.png,True,False,False
image_1205.jpg,label_1205.png,True,False,False
image_1206.jpg,label_1206.png,True,False,False
image_1207.jpg,label_1207.png,True,False,False
image_1208.jpg,label_1208.png,True,False,False
image_1209.jpg,label_1209.png,True,False,False
image_1210.jpg,label_1210.png,True,False,False
image_1211.jpg,label_1211.png,True,False,False
image_1212.jpg,label_1212.png,True,False,False
image_1213.jpg,label_1213.png,True,False,False
image_1214.jpg,label_1214.png,True,False,False
image_1215.jpg,label_1215.png,True,False,False
image_1216.jpg,label_1216.png,True,False,False
image_1217.jpg,label_1217.png,False,False,True
image_1218.jpg,label_1218.png,True,False,False
image_1219.jpg,label_1219.png,True,False,False
image_1220.jpg,label_1220.png,True,False,False
image_1221.jpg,label_1221.png,True,False,False
image_1222.jpg,label_1222.png,False,True,False
image_1223.jpg,label_1223.png,False,False,True
image_1224.jpg,label_1224.png,True,False,False
image_1225.jpg,label_1225.png,True,False,False
image_1226.jpg,label_1226.png,False,True,False
image_1227.jpg,label_1227.png,False,False,True
image_1228.jpg,label_1228.png,True,False,False
image_1229.jpg,label_1229.png,True,False,False
image_1230.jpg,label_1230.png,True,False,False
image_1231.jpg,label_1231.png,True,False,False
image_1232.jpg,label_1232.png,True,False,False
image_1233.jpg,label_1233.png,True,False,False
image_1234.jpg,label_1234.png,True,False,False
image_1235.jpg,label_1235.png,True,False,False
image_1236.jpg,label_1236.png,True,False,False
image_1237.jpg,label_1237.png,False,True,False
image_1238.jpg,label_1238.png,True,False,False
image_1239.jpg,label_1239.png,True,False,False
image_1240.jpg,label_1240.png,True,False,False
image_1241.jpg,label_1241.png,False,True,False
image_1242.jpg,label_1242.png,True,False,False
image_1243.jpg,label_1243.png,True,False,False
image_1244.jpg,label_1244.png,True,False,False
image_1245.jpg,label_1245.png,True,False,False
image_1246.jpg,label_1246.png,True,False,False
image_1247.jpg,label_1247.png,True,False,False
image_1248.jpg,label_1248.png,False,False,True
image_1249.jpg,label_1249.png,True,False,False
image_1250.jpg,label_1250.png,False,True,False
image_1251.jpg,label_1251.png,True,False,False
image_1252.jpg,label_1252.png,True,False,False
image_1253.jpg,label_1253.png,True,False,False
image_1254.jpg,label_1254.png,True,False,False
image_1255.jpg,label_1255.png,True,False,False
image_1256.jpg,label_1256.png,True,False,False
image_1257.jpg,label_1257.png,True,False,False
image_1258.jpg,label_1258.png,True,False,False
image_1259.jpg,label_1259.png,False,True,False
image_1260.jpg,label_1260.png,True,False,False
image_1261.jpg,label_1261.png,False,True,False
image_1262.jpg,label_1262.png,True,False,False
image_1263.jpg,label_1263.png,True,False,False
image_1264.jpg,label_1264.png,True,False,False
image_1265.jpg,label_1265.png,True,False,False
image_1266.jpg,label_1266.png,True,False,False
image_1267.jpg,label_1267.png,True,False,False
image_1268.jpg,label_1268.png,True,False,False
image_1269.jpg,label_1269.png,True,False,False
image_1270.jpg,label_1270.png,False,True,False
image_1271.jpg,label_1271.png,True,False,False
image_1272.jpg,label_1272.png,True,False,False
image_1273.jpg,label_1273.png,False,False,True
image_1274.jpg,label_1274.png,True,False,False
image_1275.jpg,label_1275.png,True,False,False
image_1276.jpg,label_1276.png,True,False,False
image_1277.jpg,label_1277.png,True,False,False
image_1278.jpg,label_1278.png,True,False,False
image_1279.jpg,label_1279.png,True,False,False
image_1280.jpg,label_1280.png,True,False,False
image_1281.jpg,label_1281.png,True,False,False
image_1282.jpg,label_1282.png,True,False,False
image_1283.jpg,label_1283.png,True,False,False
image_1284.jpg,label_1284.png,True,False,False
image_1285.jpg,label_1285.png,True,False,False
image_1286.jpg,label_1286.png,True,False,False
image_1287.jpg,label_1287.png,True,False,False
image_1288.jpg,label_1288.png,True,False,False
image_1289.jpg,label_1289.png,True,False,False
image_1290.jpg,label_1290.png,False,False,True
image_1291.jpg,label_1291.png,True,False,False
image_1292.jpg,label_1292.png,True,False,False
image_1293.jpg,label_1293.png,True,False,False
image_1294.jpg,label_1294.png,True,False,False
image_1295.jpg,label_1295.png,True,False,False
image_1296.jpg,label_1296.png,True,False,False
image_1297.jpg,label_1297.png,False,False,True
image_1298.jpg,label_1298.png,True,False,False
image_1299.jpg,label_1299.png,True,False,False
image_1300.jpg,label_1300.png,True,False,False
image_1301.jpg,label_1301.png,True,False,False
image_1302.jpg,label_1302.png,True,False,False
image_1303.jpg,label_1303.png,True,False,False
image_1304.jpg,label_1304.png,True,False,False
image_1305.jpg,label_1305.png,True,False,False
image_1306.jpg,label_1306.png,True,False,False
image_1307.jpg,label_1307.png,True,False,False
image_1308.jpg,label_1308.png,True,False,False
image_1309.jpg,label_1309.png,True,False,False
image_1310.jpg,label_1310.png,True,False,False
image_1311.jpg,label_1311.png,True,False,False
image_1312.jpg,label_1312.png,False,False,True
image_1313.jpg,label_1313.png,True,False,False
image_1314.jpg,label_1314.png,True,False,False
image_1315.jpg,label_1315.png,False,True,False
image_1316.jpg,label_1316.png,True,False,False
image_1317.jpg,label_1317.png,True,False,False
image_1318.jpg,label_1318.png,True,False,False
image_1319.jpg,label_1319.png,True,False,False
image_1320.jpg,label_1320.png,True,False,False
image_1321.jpg,label_1321.png,True,False,False
image_1322.jpg,label_1322.png,True,False,False
image_1323.jpg,label_1323.png,True,False,False
image_1324.jpg,label_1324.png,True,False,False
image_1325.jpg,label_1325.png,True,False,False
image_1326.jpg,label_1326.png,True,False,False
image_1327.jpg,label_1327.png,True,False,False
image_1328.jpg,label_1328.png,True,False,False
image_1329.jpg,label_1329.png,True,False,False
image_1330.jpg,label_1330.png,True,False,False
image_1331.jpg,label_1331.png,True,False,False
image_1332.jpg,label_1332.png,True,False,False
image_1333.jpg,label_1333.png,False,True,False
image_1334.jpg,label_1334.png,True,False,False
image_1335.jpg,label_1335.png,True,False,False
image_1336.jpg,label_1336.png,False,False,True
image_1337.jpg,label_1337.png,True,False,False
image_1338.jpg,label_1338.png,True,False,False
image_1339.jpg,label_1339.png,True,False,False
image_1340.jpg,label_1340.png,True,False,False
image_1341.jpg,label_1341.png,True,False,False
image_1342.jpg,label_1342.png,True,False,False
image_1343.jpg,label_1343.png,False,False,True
image_1344.jpg,label_1344.png,True,False,False
image_1345.jpg,label_1345.png,True,False,False
image_1346.jpg,label_1346.png,False,True,False
image_1347.jpg,label_1347.png,True,False,False
image_1348.jpg,label_1348.png,False,True,False
image_1349.jpg,label_1349.png,True,False,False
image_1350.jpg,label_1350.png,True,False,False
image_1351.jpg,label_1351.png,True,False,False
image_1352.jpg,label_1352.png,True,False,False
image_1353.jpg,label_1353.png,True,False,False
image_1354.jpg,label_1354.png,True,False,False
image_1355.jpg,label_1355.png,True,False,False
image_1356.jpg,label_1356.png,False,True,False
image_1357.jpg,label_1357.png,True,False,False
image_1358.jpg,label_1358.png,True,False,False
image_1359.jpg,label_1359.png,True,False,False
image_1360.jpg,label_1360.png,True,False,False
image_1361.jpg,label_1361.png,True,False,False
image_1362.jpg,label_1362.png,True,False,False
image_1363.jpg,label_1363.png,True,False,False
image_1364.jpg,label_1364.png,True,False,False
image_1365.jpg,label_1365.png,True,False,False
image_1366.jpg,label_1366.png,True,False,False
image_1367.jpg,label_1367.png,True,False,False
image_1368.jpg,label_1368.png,True,False,False
image_1369.jpg,label_1369.png,True,False,False
image_1370.jpg,label_1370.png,True,False,False
image_1371.jpg,label_1371.png,False,False,True
image_1372.jpg,label_1372.png,False,True,False
image_1373.jpg,label_1373.png,False,False,True
image_1374.jpg,label_1374.png,False,True,False
image_1375.jpg,label_1375.png,True,False,False
image_1376.jpg,label_1376.png,True,False,False
image_1377.jpg,label_1377.png,True,False,False
image_1378.jpg,label_1378.png,True,False,False
image_1379.jpg,label_1379.png,True,False,False
image_1380.jpg,label_1380.png,False,True,False
image_1381.jpg,label_1381.png,True,False,False
image_1382.jpg,label_1382.png,False,False,True
image_1383.jpg,label_1383.png,True,False,False
image_1384.jpg,label_1384.png,False,False,True
image_1385.jpg,label_1385.png,True,False,False
image_1386.jpg,label_1386.png,True,False,False
image_1387.jpg,label_1387.png,True,False,False
image_1388.jpg,label_1388.png,False,False,True
image_1389.jpg,label_1389.png,True,False,False
image_1390.jpg,label_1390.png,True,False,False
image_1391.jpg,label_1391.png,True,False,False
image_1392.jpg,label_1392.png,True,False,False
image_1393.jpg,label_1393.png,False,True,False
image_1394.jpg,label_1394.png,True,False,False
image_1395.jpg,label_1395.png,True,False,False
image_1396.jpg,label_1396.png,False,True,False
image_1397.jpg,label_1397.png,True,False,False
image_1398.jpg,label_1398.png,True,False,False
image_1399.jpg,label_1399.png,True,False,False
image_1400.jpg,label_1400.png,True,False,False
image_1401.jpg,label_1401.png,True,False,False
image_1402.jpg,label_1402.png,False,True,False
image_1403.jpg,label_1403.png,True,False,False
image_1404.jpg,label_1404.png,True,False,False
image_1405.jpg,label_1405.png,False,False,True
image_1406.jpg,label_1406.png,True,False,False
image_1407.jpg,label_1407.png,True,False,False
image_1408.jpg,label_1408.png,False,False,True
image_1409.jpg,label_1409.png,True,False,False
image_1410.jpg,label_1410.png,True,False,False
image_1411.jpg,label_1411.png,True,False,False
image_1412.jpg,label_1412.png,True,False,False
image_1413.jpg,label_1413.png,True,False,False
image_1414.jpg,label_1414.png,True,False,False
image_1415.jpg,label_1415.png,False,False,True
image_1416.jpg,label_1416.png,True,False,False
image_1417.jpg,label_1417.png,True,False,False
image_1418.jpg,label_1418.png,False,True,False
image_1419.jpg,label_1419.png,False,True,False
image_1420.jpg,label_1420.png,True,False,False
image_1421.jpg,label_1421.png,True,False,False
image_1422.jpg,label_1422.png,True,False,False
image_1423.jpg,label_1423.png,False,True,False
image_1424.jpg,label_1424.png,False,True,False
image_1425.jpg,label_1425.png,True,False,False
image_1426.jpg,label_1426.png,True,False,False
image_1427.jpg,label_1427.png,False,True,False
image_1428.jpg,label_1428.png,True,False,False
image_1429.jpg,label_1429.png,True,False,False
image_1430.jpg,label_1430.png,True,False,False
image_1431.jpg,label_1431.png,True,False,False
image_1432.jpg,label_1432.png,True,False,False
image_1433.jpg,label_1433.png,True,False,False
image_1434.jpg,label_1434.png,True,False,False
image_1435.jpg,label_1435.png,True,False,False
image_1436.jpg,label_1436.png,True,False,False
image_1437.jpg,label_1437.png,False,False,True
image_1438.jpg,label_1438.png,True,False,False
image_1439.jpg,label_1439.png,False,False,True
image_1440.jpg,label_1440.png,False,True,False
image_1441.jpg,label_1441.png,True,False,False
image_1442.jpg,label_1442.png,True,False,False
image_1443.jpg,label_1443.png,True,False,False
image_1444.jpg,label_1444.png,True,False,False
image_1445.jpg,label_1445.png,False,False,True
image_1446.jpg,label_1446.png,True,False,False
image_1447.jpg,label_1447.png,True,False,False
image_1448.jpg,label_1448.png,True,False,False
image_1449.jpg,label_1449.png,True,False,False
image_1450.jpg,label_1450.png,False,False,True
image_1451.jpg,label_1451.png,True,False,False
image_1452.jpg,label_1452.png,False,True,False
image_1453.jpg,label_1453.png,False,True,False
image_1454.jpg,label_1454.png,False,True,False
image_1455.jpg,label_1455.png,False,True,False
image_1456.jpg,label_1456.png,True,False,False
image_1457.jpg,label_1457.png,True,False,False
image_1458.jpg,label_1458.png,True,False,False
image_1459.jpg,label_1459.png,False,True,False
image_1460.jpg,label_1460.png,True,False,False
image_1461.jpg,label_1461.png,True,False,False
image_1462.jpg,label_1462.png,True,False,False
image_1463.jpg,label_1463.png,True,False,False
image_1464.jpg,label_1464.png,True,False,False
image_1465.jpg,label_1465.png,True,False,False
image_1466.jpg,label_1466.png,True,False,False
image_1467.jpg,label_1467.png,True,False,False
image_1468.jpg,label_1468.png,True,False,False
image_1469.jpg,label_1469.png,True,False,False
image_1470.jpg,label_1470.png,False,True,False
image_1471.jpg,label_1471.png,True,False,False
image_1472.jpg,label_1472.png,True,False,False
image_1473.jpg,label_1473.png,True,False,False
image_1474.jpg,label_1474.png,False,False,True
image_1475.jpg,label_1475.png,True,False,False
image_1476.jpg,label_1476.png,False,False,True
image_1477.jpg,label_1477.png,True,False,False
image_1478.jpg,label_1478.png,True,False,False
image_1479.jpg,label_1479.png,True,False,False
image_1480.jpg,label_1480.png,False,True,False
image_1481.jpg,label_1481.png,True,False,False
image_1482.jpg,label_1482.png,True,False,False
image_1483.jpg,label_1483.png,False,True,False
image_1484.jpg,label_1484.png,True,False,False
image_1485.jpg,label_1485.png,True,False,False
image_1486.jpg,label_1486.png,True,False,False
image_1487.jpg,label_1487.png,True,False,False
image_1488.jpg,label_1488.png,True,False,False
image_1489.jpg,label_1489.png,True,False,False
image_1490.jpg,label_1490.png,True,False,False
image_1491.jpg,label_1491.png,True,False,False
image_1492.jpg,label_1492.png,True,False,False
image_1493.jpg,label_1493.png,True,False,False
image_1494.jpg,label_1494.png,True,False,False
image_1495.jpg,label_1495.png,True,False,False
image_1496.jpg,label_1496.png,True,False,False
image_1497.jpg,label_1497.png,True,False,False
image_1498.jpg,label_1498.png,False,False,True
image_1499.jpg,label_1499.png,False,True,False
image_1500.jpg,label_1500.png,True,False,False
image_1501.jpg,label_1501.png,True,False,False
image_1502.jpg,label_1502.png,True,False,False
image_1503.jpg,label_1503.png,True,False,False
image_1504.jpg,label_1504.png,True,False,False
image_1505.jpg,label_1505.png,True,False,False
image_1506.jpg,label_1506.png,True,False,False
image_1507.jpg,label_1507.png,True,False,False
image_1508.jpg,label_1508.png,True,False,False
image_1509.jpg,label_1509.png,True,False,False
image_1510.jpg,label_1510.png,True,False,False
image_1511.jpg,label_1511.png,True,False,False
image_1512.jpg,label_1512.png,True,False,False
image_1513.jpg,label_1513.png,False,False,True
image_1514.jpg,label_1514.png,True,False,False
image_1515.jpg,label_1515.png,True,False,False
image_1516.jpg,label_1516.png,True,False,False
image_1517.jpg,label_1517.png,True,False,False
image_1518.jpg,label_1518.png,True,False,False
image_1519.jpg,label_1519.png,True,False,False
image_1520.jpg,label_1520.png,True,False,False
image_1521.jpg,label_1521.png,True,False,False
image_1522.jpg,label_1522.png,True,False,False
image_1523.jpg,label_1523.png,False,False,True
image_1524.jpg,label_1524.png,True,False,False
image_1525.jpg,label_1525.png,True,False,False
image_1526.jpg,label_1526.png,True,False,False
image_1527.jpg,label_1527.png,False,False,True
image_1528.jpg,label_1528.png,True,False,False
image_1529.jpg,label_1529.png,True,False,False
image_1530.jpg,label_1530.png,False,True,False
image_1531.jpg,label_1531.png,True,False,False
image_1532.jpg,label_1532.png,False,True,False
image_1533.jpg,label_1533.png,True,False,False
image_1534.jpg,label_1534.png,False,True,False
image_1535.jpg,label_1535.png,True,False,False
image_1536.jpg,label_1536.png,False,True,False
image_1537.jpg,label_1537.png,True,False,False
image_1538.jpg,label_1538.png,False,True,False
image_1539.jpg,label_1539.png,True,False,False
image_1540.jpg,label_1540.png,True,False,False
image_1541.jpg,label_1541.png,True,False,False
image_1542.jpg,label_1542.png,True,False,False
image_1543.jpg,label_1543.png,True,False,False
image_1544.jpg,label_1544.png,True,False,False
image_1545.jpg,label_1545.png,True,False,False
image_1546.jpg,label_1546.png,False,False,True
image_1547.jpg,label_1547.png,True,False,False
image_1548.jpg,label_1548.png,True,False,False
image_1549.jpg,label_1549.png,True,False,False
image_1550.jpg,label_1550.png,True,False,False
image_1551.jpg,label_1551.png,True,False,False
image_1552.jpg,label_1552.png,True,False,False
image_1553.jpg,label_1553.png,True,False,False
image_1554.jpg,label_1554.png,True,False,False
image_1555.jpg,label_1555.png,True,False,False
image_1556.jpg,label_1556.png,False,False,True
image_1557.jpg,label_1557.png,True,False,False
image_1558.jpg,label_1558.png,False,True,False
image_1559.jpg,label_1559.png,True,False,False
image_1560.jpg,label_1560.png,True,False,False
image_1561.jpg,label_1561.png,True,False,False
image_1562.jpg,label_1562.png,True,False,False
image_1563.jpg,label_1563.png,True,False,False
image_1564.jpg,label_1564.png,True,False,False
image_1565.jpg,label_1565.png,True,False,False
image_1566.jpg,label_1566.png,True,False,False
image_1567.jpg,label_1567.png,False,True,False
image_1568.jpg,label_1568.png,True,False,False
image_1569.jpg,label_1569.png,True,False,False
image_1570.jpg,label_1570.png,True,False,False
image_1571.jpg,label_1571.png,True,False,False
image_1572.jpg,label_1572.png,True,False,False
image_1573.jpg,label_1573.png,True,False,False
image_1574.jpg,label_1574.png,True,False,False
image_1575.jpg,label_1575.png,False,True,False
image_1576.jpg,label_1576.png,True,False,False
image_1577.jpg,label_1577.png,False,True,False
image_1578.jpg,label_1578.png,True,False,False
image_1579.jpg,label_1579.png,True,False,False
image_1580.jpg,label_1580.png,False,False,True
image_1581.jpg,label_1581.png,True,False,False
image_1582.jpg,label_1582.png,True,False,False
image_1583.jpg,label_1583.png,True,False,False
image_1584.jpg,label_1584.png,True,False,False
image_1585.jpg,label_1585.png,False,True,False
image_1586.jpg,label_1586.png,True,False,False
image_1587.jpg,label_1587.png,True,False,False
image_1588.jpg,label_1588.png,True,False,False
image_1589.jpg,label_1589.png,True,False,False
image_1590.jpg,label_1590.png,True,False,False
image_1591.jpg,label_1591.png,True,False,False
image_1592.jpg,label_1592.png,True,False,False
image_1593.jpg,label_1593.png,True,False,False
image_1594.jpg,label_1594.png,True,False,False
image_1595.jpg,label_1595.png,True,False,False
image_1596.jpg,label_1596.png,True,False,False
image_1597.jpg,label_1597.png,True,False,False
image_1598.jpg,label_1598.png,True,False,False
image_1599.jpg,label_1599.png,True,False,False
image_1600.jpg,label_1600.png,True,False,False
image_1601.jpg,label_1601.png,True,False,False
image_1602.jpg,label_1602.png,True,False,False
image_1603.jpg,label_1603.png,False,True,False
image_1604.jpg,label_1604.png,False,False,True
image_1605.jpg,label_1605.png,False,True,False
image_1606.jpg,label_1606.png,True,False,False
image_1607.jpg,label_1607.png,True,False,False
image_1608.jpg,label_1608.png,True,False,False
image_1609.jpg,label_1609.png,False,False,True
image_1610.jpg,label_1610.png,True,False,False
image_1611.jpg,label_1611.png,True,False,False
image_1612.jpg,label_1612.png,True,False,False
image_1613.jpg,label_1613.png,True,False,False
image_1614.jpg,label_1614.png,False,False,True
image_1615.jpg,label_1615.png,True,False,False
image_1616.jpg,label_1616.png,True,False,False
image_1617.jpg,label_1617.png,True,False,False
image_1618.jpg,label_1618.png,True,False,False
image_1619.jpg,label_1619.png,True,False,False
image_1620.jpg,label_1620.png,False,True,False
image_1621.jpg,label_1621.png,True,False,False
image_1622.jpg,label_1622.png,False,True,False
image_1623.jpg,label_1623.png,True,False,False
image_1624.jpg,label_1624.png,False,True,False
image_1625.jpg,label_1625.png,True,False,False
image_1626.jpg,label_1626.png,True,False,False
image_1627.jpg,label_1627.png,True,False,False
image_1628.jpg,label_1628.png,True,False,False
image_1629.jpg,label_1629.png,True,False,False
image_1630.jpg,label_1630.png,True,False,False
image_1631.jpg,label_1631.png,True,False,False
image_1632.jpg,label_1632.png,True,False,False
image_1633.jpg,label_1633.png,True,False,False
image_1634.jpg,label_1634.png,False,False,True
image_1635.jpg,label_1635.png,True,False,False
image_1636.jpg,label_1636.png,True,False,False
image_1637.jpg,label_1637.png,True,False,False
image_1638.jpg,label_1638.png,True,False,False
image_1639.jpg,label_1639.png,True,False,False
image_1640.jpg,label_1640.png,True,False,False
image_1641.jpg,label_1641.png,True,False,False
image_1642.jpg,label_1642.png,True,False,False
image_1643.jpg,label_1643.png,True,False,False
image_1644.jpg,label_1644.png,True,False,False
image_1645.jpg,label_1645.png,True,False,False
image_1646.jpg,label_1646.png,True,False,False
image_1647.jpg,label_1647.png,True,False,False
image_1648.jpg,label_1648.png,True,False,False
image_1649.jpg,label_1649.png,True,False,False
image_1650.jpg,label_1650.png,False,False,True
image_1651.jpg,label_1651.png,True,False,False
image_1652.jpg,label_1652.png,True,False,False
image_1653.jpg,label_1653.png,True,False,False
image_1654.jpg,label_1654.png,False,False,True
image_1655.jpg,label_1655.png,True,False,False
image_1656.jpg,label_1656.png,True,False,False
image_1657.jpg,label_1657.png,True,False,False
image_1658.jpg,label_1658.png,True,False,False
image_1659.jpg,label_1659.png,True,False,False
image_1660.jpg,label_1660.png,True,False,False
image_1661.jpg,label_1661.png,True,False,False
image_1662.jpg,label_1662.png,True,False,False
image_1663.jpg,label_1663.png,True,False,False
image_1664.jpg,label_1664.png,True,False,False
image_1665.jpg,label_1665.png,True,False,False
image_1666.jpg,label_1666.png,False,True,False
image_1667.jpg,label_1667.png,True,False,False
image_1668.jpg,label_1668.png,True,False,False
image_1669.jpg,label_1669.png,True,False,False
image_1670.jpg,label_1670.png,False,False,True
image_1671.jpg,label_1671.png,True,False,False
image_1672.jpg,label_1672.png,False,False,True
image_1673.jpg,label_1673.png,True,False,False
image_1674.jpg,label_1674.png,True,False,False
image_1675.jpg,label_1675.png,True,False,False
image_1676.jpg,label_1676.png,True,False,False
image_1677.jpg,label_1677.png,True,False,False
image_1678.jpg,label_1678.png,True,False,False
image_1679.jpg,label_1679.png,False,True,False
image_1680.jpg,label_1680.png,True,False,False
image_1681.jpg,label_1681.png,False,False,True
image_1682.jpg,label_1682.png,True,False,False
image_1683.jpg,label_1683.png,False,False,True
image_1684.jpg,label_1684.png,True,False,False
image_1685.jpg,label_1685.png,False,False,True
image_1686.jpg,label_1686.png,True,False,False
image_1687.jpg,label_1687.png,True,False,False
image_1688.jpg,label_1688.png,True,False,False
image_1689.jpg,label_1689.png,True,False,False
image_1690.jpg,label_1690.png,False,True,False
image_1691.jpg,label_1691.png,True,False,False
image_1692.jpg,label_1692.png,True,False,False
image_1693.jpg,label_1693.png,True,False,False
image_1694.jpg,label_1694.png,False,False,True
image_1695.jpg,label_1695.png,False,False,True
image_1696.jpg,label_1696.png,True,False,False
image_1697.jpg,label_1697.png,True,False,False
image_1698.jpg,label_1698.png,True,False,False
image_1699.jpg,label_1699.png,True,False,False
image_1700.jpg,label_1700.png,True,False,False
image_1701.jpg,label_1701.png,True,False,False
image_1702.jpg,label_1702.png,True,False,False
image_1703.jpg,label_1703.png,True,False,False
image_1704.jpg,label_1704.png,True,False,False
image_1705.jpg,label_1705.png,True,False,False
image_1706.jpg,label_1706.png,False,False,True
image_1707.jpg,label_1707.png,True,False,False
image_1708.jpg,label_1708.png,True,False,False
image_1709.jpg,label_1709.png,True,False,False
image_1710.jpg,label_1710.png,True,False,False
image_1711.jpg,label_1711.png,False,False,True
image_1712.jpg,label_1712.png,True,False,False
image_1713.jpg,label_1713.png,True,False,False
image_1714.jpg,label_1714.png,True,False,False
image_1715.jpg,label_1715.png,False,False,True
image_1716.jpg,label_1716.png,True,False,False
image_1717.jpg,label_1717.png,False,False,True
image_1718.jpg,label_1718.png,True,False,False
image_1719.jpg,label_1719.png,True,False,False
image_1720.jpg,label_1720.png,True,False,False
image_1721.jpg,label_1721.png,False,False,True
image_1722.jpg,label_1722.png,True,False,False
image_1723.jpg,label_1723.png,True,False,False
image_1724.jpg,label_1724.png,True,False,False
image_1725.jpg,label_1725.png,True,False,False
image_1726.jpg,label_1726.png,True,False,False
image_1727.jpg,label_1727.png,True,False,False
image_1728.jpg,label_1728.png,True,False,False
image_1729.jpg,label_1729.png,True,False,False
image_1730.jpg,label_1730.png,False,False,True
image_1731.jpg,label_1731.png,True,False,False
image_1732.jpg,label_1732.png,True,False,False
image_1733.jpg,label_1733.png,True,False,False
image_1734.jpg,label_1734.png,True,False,False
image_1735.jpg,label_1735.png,False,True,False
image_1736.jpg,label_1736.png,True,False,False
image_1737.jpg,label_1737.png,True,False,False
image_1738.jpg,label_1738.png,True,False,False
image_1739.jpg,label_1739.png,False,True,False
image_1740.jpg,label_1740.png,True,False,False
image_1741.jpg,label_1741.png,False,True,False
image_1742.jpg,label_1742.png,True,False,False
image_1743.jpg,label_1743.png,True,False,False
image_1744.jpg,label_1744.png,True,False,False
image_1745.jpg,label_1745.png,False,False,True
image_1746.jpg,label_1746.png,True,False,False
image_1747.jpg,label_1747.png,True,False,False
image_1748.jpg,label_1748.png,False,True,False
image_1749.jpg,label_1749.png,True,False,False
image_1750.jpg,label_1750.png,False,True,False
image_1751.jpg,label_1751.png,False,True,False
image_1752.jpg,label_1752.png,True,False,False
image_1753.jpg,label_1753.png,True,False,False
image_1754.jpg,label_1754.png,True,False,False
image_1755.jpg,label_1755.png,True,False,False
image_1756.jpg,label_1756.png,True,False,False
image_1757.jpg,label_1757.png,False,True,False
image_1758.jpg,label_1758.png,True,False,False
image_1759.jpg,label_1759.png,True,False,False
image_1760.jpg,label_1760.png,True,False,False
image_1761.jpg,label_1761.png,True,False,False
image_1762.jpg,label_1762.png,True,False,False
image_1763.jpg,label_1763.png,True,False,False
image_1764.jpg,label_1764.png,True,False,False
image_1765.jpg,label_1765.png,True,False,False
image_1766.jpg,label_1766.png,True,False,False
image_1767.jpg,label_1767.png,True,False,False
image_1768.jpg,label_1768.png,False,True,False
image_1769.jpg,label_1769.png,True,False,False
image_1770.jpg,label_1770.png,False,False,True
image_1771.jpg,label_1771.png,True,False,False
image_1772.jpg,label_1772.png,True,False,False
image_1773.jpg,label_1773.png,True,False,False
image_1774.jpg,label_1774.png,True,False,False
image_1775.jpg,label_1775.png,True,False,False
image_1776.jpg,label_1776.png,True,False,False
image_1777.jpg,label_1777.png,True,False,False
image_1778.jpg,label_1778.png,True,False,False
image_1779.jpg,label_1779.png,True,False,False
image_1780.jpg,label_1780.png,True,False,False
image_1781.jpg,label_1781.png,True,False,False
image_1782.jpg,label_1782.png,True,False,False
image_1783.jpg,label_1783.png,True,False,False
image_1784.jpg,label_1784.png,True,False,False
image_1785.jpg,label_1785.png,False,False,True
image_1786.jpg,label_1786.png,False,False,True
image_1787.jpg,label_1787.png,True,False,False
image_1788.jpg,label_1788.png,True,False,False
image_1789.jpg,label_1789.png,True,False,False
image_1790.jpg,label_1790.png,True,False,False
image_1791.jpg,label_1791.png,True,False,False
image_1792.jpg,label_1792.png,True,False,False
image_1793.jpg,label_1793.png,True,False,False
image_1794.jpg,label_1794.png,False,True,False
image_1795.jpg,label_1795.png,True,False,False
image_1796.jpg,label_1796.png,False,False,True
image_1797.jpg,label_1797.png,False,False,True
image_1798.jpg,label_1798.png,True,False,False
image_1799.jpg,label_1799.png,True,False,False
image_1800.jpg,label_1800.png,False,True,False
