name,label,train,val,test,true_soil,true_plant,true_residue,pred_soil,pred_plant,pred_residue
image_0001.jpg,label_0001.png,False,True,False,70.8,16.86,12.34,69.68,14.52,15.79
image_0002.jpg,label_0002.png,True,False,False,70.77,16.92,12.31,69.65,15.23,15.12
image_0003.jpg,label_0003.png,True,False,False,70.7,16.98,12.32,70.56,14.1,15.34
image_0004.jpg,label_0004.png,True,False,False,70.73,16.97,12.3,71.13,14.04,14.83
image_0005.jpg,label_0005.png,True,False,False,70.08,17.82,12.1,68.48,17.21,14.3
image_0006.jpg,label_0006.png,False,True,False,69.68,18.28,12.04,68.93,17.96,13.11
image_0007.jpg,label_0007.png,True,False,False,69.67,18.28,12.05,64.75,22.49,12.75
image_0008.jpg,label_0008.png,True,False,False,66.76,22.32,10.92,61.26,26.11,12.63
image_0009.jpg,label_0009.png,True,False,False,65.04,24.6,10.36,62.92,26.34,10.74
image_0010.jpg,label_0010.png,True,False,False,64.41,25.32,10.27,61.17,25.72,13.11
image_0011.jpg,label_0011.png,False,False,True,64.1,25.66,10.23,60.7,26.44,12.86
image_0012.jpg,label_0012.png,False,False,True,62.91,27.32,9.77,64.0,30.24,5.75
image_0013.jpg,label_0013.png,True,False,False,62.7,27.61,9.69,62.66,30.03,7.31
image_0014.jpg,label_0014.png,True,False,False,62.62,27.65,9.73,63.41,24.41,12.18
image_0015.jpg,label_0015.png,True,False,False,62.65,27.71,9.64,64.22,23.45,12.33
image_0016.jpg,label_0016.png,False,True,False,28.23,0.0,71.77,27.36,0.0,72.64
image_0017.jpg,label_0017.png,True,False,False,91.02,0.0,8.98,92.54,0.0,7.46
image_0018.jpg,label_0018.png,True,False,False,72.43,0.0,27.57,73.14,0.0,26.86
image_0019.jpg,label_0019.png,True,False,False,31.3,0.0,68.7,30.35,0.0,69.65
image_0020.jpg,label_0020.png,True,False,False,18.98,0.0,81.02,18.11,0.0,81.89
image_0021.jpg,label_0021.png,False,False,True,18.59,0.0,81.41,18.49,0.0,81.51
image_0022.jpg,label_0022.png,False,False,True,54.6,0.0,45.4,56.16,0.0,43.83
image_0023.jpg,label_0023.png,True,False,False,4.75,0.0,95.25,4.58,0.0,95.41
image_0024.jpg,label_0024.png,True,False,False,79.67,0.0,20.33,80.35,0.0,19.65
image_0025.jpg,label_0025.png,True,False,False,79.92,0.0,20.08,80.78,0.01,19.21
image_0026.jpg,label_0026.png,True,False,False,90.51,0.0,9.49,91.33,0.0,8.67
image_0027.jpg,label_0027.png,False,False,True,82.75,0.0,17.25,86.99,0.0,13.01
image_0028.jpg,label_0028.png,True,False,False,0.0,0.0,100.0,0.51,0.0,99.49
image_0029.jpg,label_0029.png,True,False,False,63.9,0.02,36.09,64.52,0.01,35.47
image_0030.jpg,label_0030.png,False,True,False,56.35,0.0,43.65,57.0,0.0,43.0
image_0031.jpg,label_0031.png,False,False,True,0.0,0.0,100.0,0.0,0.0,100.0
image_0032.jpg,label_0032.png,True,False,False,61.83,0.0,38.17,57.92,0.0,42.08
image_0033.jpg,label_0033.png,True,False,False,42.8,0.0,57.2,42.03,0.0,57.97
image_0034.jpg,label_0034.png,True,False,False,40.16,0.0,59.84,38.76,0.0,61.24
image_0035.jpg,label_0035.png,True,False,False,26.69,0.0,73.31,28.86,0.0,71.14
image_0036.jpg,label_0036.png,True,False,False,12.73,0.07,87.2,12.08,0.0,87.92
image_0037.jpg,label_0037.png,True,False,False,83.43,0.0,16.57,84.97,0.0,15.03
image_0038.jpg,label_0038.png,True,False,False,71.42,0.01,28.57,72.75,0.0,27.25
image_0039.jpg,label_0039.png,False,True,False,0.0,0.0,100.0,0.1,0.0,99.9
image_0040.jpg,label_0040.png,True,False,False,0.0,0.0,100.0,1.23,0.0,98.77
image_0041.jpg,label_0041.png,True,False,False,0.0,0.0,100.0,1.16,0.0,98.84
image_0042.jpg,label_0042.png,False,False,True,35.44,0.68,63.88,40.37,1.12,58.51
image_0043.jpg,label_0043.png,True,False,False,52.76,0.81,46.42,60.81,1.28,37.91
image_0044.jpg,label_0044.png,True,False,False,19.7,2.11,78.19,24.66,2.77,72.57
image_0045.jpg,label_0045.png,False,False,True,19.26,4.23,76.51,14.4,5.21,80.38
image_0046.jpg,label_0046.png,True,False,False,0.26,3.97,95.77,0.19,4.94,94.87
image_0047.jpg,label_0047.png,True,False,False,0.0,3.27,96.73,0.77,3.94,95.28
image_0048.jpg,label_0048.png,True,False,False,3.88,1.59,94.53,3.95,2.24,93.81
image_0049.jpg,label_0049.png,True,False,False,0.0,1.19,98.81,5.21,1.52,93.28
image_0050.jpg,label_0050.png,True,False,False,0.0,5.16,94.84,0.21,5.94,93.85
image_0051.jpg,label_0051.png,True,False,False,57.65,0.12,42.23,50.59,0.25,49.16
image_0052.jpg,label_0052.png,True,False,False,35.61,0.65,63.74,35.8,0.85,63.36
image_0053.jpg,label_0053.png,True,False,False,0.0,2.2,97.8,1.25,2.64,96.11
image_0054.jpg,label_0054.png,True,False,False,9.42,0.32,90.27,10.14,0.42,89.45
image_0055.jpg,label_0055.png,True,False,False,15.66,0.97,83.38,12.1,1.11,86.79
image_0056.jpg,label_0056.png,True,False,False,1.81,1.19,96.99,1.95,1.36,96.69
image_0057.jpg,label_0057.png,True,False,False,44.17,2.77,53.06,41.82,3.89,54.29
image_0058.jpg,label_0058.png,True,False,False,67.37,3.68,28.96,63.49,5.26,31.24
image_0059.jpg,label_0059.png,True,False,False,62.47,0.92,36.61,60.8,1.44,37.76
image_0060.jpg,label_0060.png,True,False,False,0.0,3.68,96.32,0.1,3.0,96.89
image_0061.jpg,label_0061.png,True,False,False,53.22,1.38,45.4,53.29,1.11,45.6
image_0062.jpg,label_0062.png,False,True,False,0.0,0.59,99.41,0.75,0.51,98.74
image_0063.jpg,label_0063.png,True,False,False,55.22,1.45,43.33,57.75,0.38,41.87
image_0064.jpg,label_0064.png,True,False,False,28.99,0.66,70.36,28.32,0.46,71.22
image_0065.jpg,label_0065.png,True,False,False,63.63,4.8,31.56,66.11,1.76,32.13
image_0066.jpg,label_0066.png,True,False,False,0.0,0.0,100.0,0.04,0.03,99.94
image_0067.jpg,label_0067.png,True,False,False,0.0,0.0,100.0,0.62,0.05,99.33
image_0068.jpg,label_0068.png,False,False,True,0.0,0.01,99.99,1.11,0.01,98.88
image_0069.jpg,label_0069.png,True,False,False,0.0,0.02,99.98,0.0,0.03,99.97
image_0070.jpg,label_0070.png,True,False,False,22.1,0.04,77.86,16.4,0.03,83.57
image_0071.jpg,label_0071.png,True,False,False,0.0,0.0,100.0,0.0,0.02,99.98
image_0072.jpg,label_0072.png,True,False,False,1.47,0.04,98.49,1.22,0.05,98.73
image_0073.jpg,label_0073.png,True,False,False,20.58,0.08,79.34,19.22,0.07,80.71
image_0074.jpg,label_0074.png,True,False,False,7.75,0.06,92.19,6.99,0.07,92.94
image_0075.jpg,label_0075.png,True,False,False,0.0,0.04,99.96,0.11,0.05,99.84
image_0076.jpg,label_0076.png,True,False,False,16.03,0.02,83.95,17.23,0.03,82.73
image_0077.jpg,label_0077.png,True,False,False,70.14,0.03,29.82,71.7,0.03,28.27
image_0078.jpg,label_0078.png,True,False,False,36.64,0.0,63.36,35.36,0.0,64.63
image_0079.jpg,label_0079.png,False,False,True,31.73,0.0,68.27,27.83,0.02,72.15
image_0080.jpg,label_0080.png,True,False,False,2.71,0.06,97.23,1.55,0.05,98.41
image_0081.jpg,label_0081.png,True,False,False,0.0,0.03,99.97,0.01,0.03,99.95
image_0082.jpg,label_0082.png,True,False,False,79.57,0.0,20.43,81.83,0.0,18.17
image_0083.jpg,label_0083.png,True,False,False,59.38,0.0,40.62,59.89,0.0,40.11
image_0084.jpg,label_0084.png,False,True,False,51.81,0.0,48.19,52.73,0.0,47.27
image_0085.jpg,label_0085.png,True,False,False,48.36,0.02,51.63,44.74,0.0,55.26
image_0086.jpg,label_0086.png,False,False,True,52.31,0.0,47.69,52.67,0.01,47.32
image_0087.jpg,label_0087.png,True,False,False,84.19,0.0,15.81,85.98,0.0,14.01
image_0088.jpg,label_0088.png,True,False,False,8.68,0.0,91.32,6.97,0.0,93.03
image_0089.jpg,label_0089.png,True,False,False,16.9,0.0,83.1,13.68,0.0,86.31
image_0090.jpg,label_0090.png,False,True,False,2.89,0.0,97.11,0.49,0.0,99.51
image_0091.jpg,label_0091.png,True,False,False,3.86,0.0,96.14,4.03,0.01,95.96
image_0092.jpg,label_0092.png,True,False,False,0.0,0.06,99.94,0.17,0.12,99.72
image_0093.jpg,label_0093.png,True,False,False,0.0,0.01,99.99,0.0,0.01,99.99
image_0094.jpg,label_0094.png,True,False,False,0.0,0.0,100.0,0.04,0.01,99.95
image_0095.jpg,label_0095.png,False,False,True,0.0,0.11,99.89,0.0,0.13,99.87
image_0096.jpg,label_0096.png,True,False,False,0.0,0.01,99.99,0.31,0.01,99.68
image_0097.jpg,label_0097.png,True,False,False,0.0,0.0,100.0,0.0,0.0,99.99
image_0098.jpg,label_0098.png,True,False,False,0.0,0.06,99.94,0.0,0.05,99.95
image_0099.jpg,label_0099.png,True,False,False,0.0,0.0,100.0,0.1,0.0,99.9
image_0100.jpg,label_0100.png,False,False,True,15.25,0.0,84.74,12.46,0.0,87.54
image_0101.jpg,label_0101.png,True,False,False,62.39,0.0,37.61,59.35,0.0,40.65
image_0102.jpg,label_0102.png,True,False,False,12.3,0.0,87.7,11.94,0.0,88.06
image_0103.jpg,label_0103.png,True,False,False,43.21,0.0,56.79,39.43,0.0,60.57
image_0104.jpg,label_0104.png,True,False,False,17.46,0.0,82.54,16.12,0.0,83.88
image_0105.jpg,label_0105.png,True,False,False,0.0,0.0,100.0,0.04,0.01,99.95
image_0106.jpg,label_0106.png,True,False,False,0.0,0.0,100.0,0.33,0.0,99.67
image_0107.jpg,label_0107.png,False,False,True,0.0,0.0,100.0,0.35,0.01,99.64
image_0108.jpg,label_0108.png,False,True,False,0.0,0.0,100.0,0.32,0.0,99.68
image_0109.jpg,label_0109.png,True,False,False,0.0,0.0,100.0,1.08,0.0,98.92
image_0110.jpg,label_0110.png,False,True,False,0.0,0.0,100.0,0.66,0.0,99.34
image_0111.jpg,label_0111.png,True,False,False,0.0,0.0,100.0,0.23,0.0,99.77
image_0112.jpg,label_0112.png,False,True,False,0.0,0.0,100.0,0.15,0.08,99.77
image_0113.jpg,label_0113.png,True,False,False,0.0,0.0,100.0,0.15,0.01,99.84
image_0114.jpg,label_0114.png,True,False,False,0.0,0.0,100.0,0.39,0.01,99.59
image_0115.jpg,label_0115.png,False,False,True,0.0,0.0,100.0,0.26,0.03,99.71
image_0116.jpg,label_0116.png,False,False,True,0.0,0.0,100.0,0.75,0.0,99.25
image_0117.jpg,label_0117.png,False,False,True,0.0,0.0,100.0,0.5,0.02,99.48
image_0118.jpg,label_0118.png,True,False,False,0.0,0.0,100.0,0.4,0.01,99.59
image_0119.jpg,label_0119.png,True,False,False,0.0,0.0,100.0,0.23,0.04,99.73
image_0120.jpg,label_0120.png,True,False,False,0.0,0.0,100.0,0.55,0.0,99.45
image_0121.jpg,label_0121.png,True,False,False,0.0,0.0,100.0,1.58,0.01,98.41
image_0122.jpg,label_0122.png,True,False,False,0.0,0.0,100.0,0.09,0.0,99.91
image_0123.jpg,label_0123.png,True,False,False,0.0,0.0,100.0,0.38,0.0,99.62
image_0124.jpg,label_0124.png,True,False,False,0.0,0.0,100.0,0.41,0.01,99.58
image_0125.jpg,label_0125.png,True,False,False,0.0,0.0,100.0,0.83,0.0,99.17
image_0126.jpg,label_0126.png,True,False,False,0.0,0.0,100.0,0.11,0.0,99.88
image_0127.jpg,label_0127.png,True,False,False,0.0,0.0,100.0,0.09,0.0,99.91
image_0128.jpg,label_0128.png,True,False,False,0.0,0.0,100.0,0.05,0.0,99.95
image_0129.jpg,label_0129.png,True,False,False,0.0,0.0,100.0,0.93,0.0,99.07
image_0130.jpg,label_0130.png,False,False,True,0.0,0.0,100.0,0.39,0.01,99.6
image_0131.jpg,label_0131.png,True,False,False,0.0,0.0,100.0,0.06,0.0,99.94
image_0132.jpg,label_0132.png,True,False,False,0.0,0.0,100.0,0.06,0.0,99.94
image_0133.jpg,label_0133.png,True,False,False,0.0,0.14,99.86,0.29,0.1,99.61
image_0134.jpg,label_0134.png,True,False,False,0.0,0.0,100.0,0.27,0.09,99.64
image_0135.jpg,label_0135.png,True,False,False,0.0,0.02,99.98,0.06,0.02,99.92
image_0136.jpg,label_0136.png,True,False,False,0.0,0.03,99.97,0.03,0.02,99.95
image_0137.jpg,label_0137.png,True,False,False,0.0,0.25,99.75,0.51,0.27,99.22
image_0138.jpg,label_0138.png,False,True,False,0.0,0.01,99.99,0.12,0.01,99.88
image_0139.jpg,label_0139.png,True,False,False,0.0,0.02,99.98,0.37,0.01,99.61
image_0140.jpg,label_0140.png,True,False,False,0.0,0.0,100.0,0.2,0.01,99.79
image_0141.jpg,label_0141.png,True,False,False,0.0,0.0,100.0,0.09,0.0,99.91
image_0142.jpg,label_0142.png,True,False,False,0.0,0.0,100.0,0.05,0.0,99.95
image_0143.jpg,label_0143.png,False,False,True,0.0,0.03,99.97,0.65,0.02,99.33
image_0144.jpg,label_0144.png,True,False,False,0.0,0.04,99.96,0.0,0.03,99.96
image_0145.jpg,label_0145.png,True,False,False,0.0,0.13,99.87,0.2,0.1,99.7
image_0146.jpg,label_0146.png,True,False,False,0.28,0.0,99.72,0.28,0.02,99.7
image_0147.jpg,label_0147.png,True,False,False,0.3,0.0,99.7,0.24,0.0,99.76
image_0148.jpg,label_0148.png,True,False,False,0.0,0.0,100.0,0.13,0.0,99.87
image_0149.jpg,label_0149.png,True,False,False,0.0,0.0,100.0,0.18,0.0,99.82
image_0150.jpg,label_0150.png,True,False,False,0.0,0.0,100.0,0.02,0.01,99.97
image_0151.jpg,label_0151.png,True,False,False,0.0,0.0,100.0,0.11,0.0,99.88
image_0152.jpg,label_0152.png,True,False,False,0.0,0.0,100.0,0.16,0.0,99.84
image_0153.jpg,label_0153.png,True,False,False,0.0,0.0,100.0,0.04,0.03,99.93
image_0154.jpg,label_0154.png,True,False,False,0.36,0.0,99.64,0.34,0.0,99.66
image_0155.jpg,label_0155.png,True,False,False,0.22,0.0,99.78,0.14,0.01,99.85
image_0156.jpg,label_0156.png,False,True,False,0.11,0.0,99.89,0.24,0.0,99.76
image_0157.jpg,label_0157.png,False,False,True,0.16,0.0,99.84,0.72,0.0,99.27
image_0158.jpg,label_0158.png,True,False,False,0.23,0.0,99.77,0.84,0.04,99.11
image_0159.jpg,label_0159.png,True,False,False,0.0,0.0,100.0,0.57,0.03,99.4
image_0160.jpg,label_0160.png,False,True,False,0.0,0.0,100.0,0.0,0.0,100.0
image_0161.jpg,label_0161.png,True,False,False,0.0,0.0,100.0,0.0,0.0,99.99
image_0162.jpg,label_0162.png,False,True,False,0.0,0.01,99.99,0.02,0.0,99.97
image_0163.jpg,label_0163.png,False,False,True,0.0,0.0,100.0,0.03,0.0,99.97
image_0164.jpg,label_0164.png,True,False,False,0.0,0.05,99.95,0.19,0.05,99.76
image_0165.jpg,label_0165.png,True,False,False,0.0,0.03,99.97,0.1,0.03,99.86
image_0166.jpg,label_0166.png,True,False,False,0.0,0.01,99.99,0.44,0.01,99.55
image_0167.jpg,label_0167.png,False,False,True,0.0,0.01,99.99,0.02,0.0,99.98
image_0168.jpg,label_0168.png,True,False,False,0.0,0.02,99.98,0.07,0.01,99.92
image_0169.jpg,label_0169.png,True,False,False,0.0,0.0,100.0,0.23,0.0,99.77
image_0170.jpg,label_0170.png,True,False,False,0.0,0.01,99.99,0.14,0.01,99.86
image_0171.jpg,label_0171.png,True,False,False,0.0,0.02,99.98,0.01,0.01,99.98
image_0172.jpg,label_0172.png,True,False,False,0.0,0.0,100.0,0.13,0.0,99.87
image_0173.jpg,label_0173.png,True,False,False,0.0,0.01,99.99,0.1,0.01,99.89
image_0174.jpg,label_0174.png,True,False,False,0.0,0.03,99.97,0.02,0.02,99.95
image_0175.jpg,label_0175.png,False,True,False,0.0,0.04,99.96,0.3,0.03,99.67
image_0176.jpg,label_0176.png,False,True,False,0.0,0.11,99.89,0.11,0.09,99.8
image_0177.jpg,label_0177.png,True,False,False,0.0,0.12,99.88,0.1,0.09,99.8
image_0178.jpg,label_0178.png,False,False,True,0.0,0.05,99.95,0.08,0.02,99.89
image_0179.jpg,label_0179.png,True,False,False,0.0,0.0,100.0,0.03,0.01,99.96
image_0180.jpg,label_0180.png,True,False,False,0.0,0.0,100.0,0.08,0.06,99.86
image_0181.jpg,label_0181.png,True,False,False,0.22,0.0,99.78,0.08,0.02,99.91
image_0182.jpg,label_0182.png,True,False,False,0.71,0.0,99.29,0.7,0.0,99.3
image_0183.jpg,label_0183.png,True,False,False,0.97,0.0,99.03,0.32,0.03,99.65
image_0184.jpg,label_0184.png,False,False,True,0.13,0.0,99.87,0.03,0.02,99.95
image_0185.jpg,label_0185.png,True,False,False,0.38,0.0,99.62,0.12,0.01,99.87
image_0186.jpg,label_0186.png,True,False,False,0.24,0.0,99.76,0.08,0.02,99.89
image_0187.jpg,label_0187.png,True,False,False,0.0,0.0,100.0,0.12,0.0,99.88
image_0188.jpg,label_0188.png,True,False,False,0.0,0.0,100.0,0.37,0.0,99.63
image_0189.jpg,label_0189.png,True,False,False,0.0,0.0,100.0,0.27,0.0,99.73
image_0190.jpg,label_0190.png,False,False,True,1.8,0.0,98.2,1.27,0.0,98.73
image_0191.jpg,label_0191.png,True,False,False,8.8,0.0,91.2,8.63,0.0,91.37
image_0192.jpg,label_0192.png,True,False,False,8.54,0.0,91.46,11.76,0.0,88.24
image_0193.jpg,label_0193.png,False,True,False,16.65,0.02,83.33,23.61,0.0,76.39
image_0194.jpg,label_0194.png,True,False,False,4.79,0.0,95.21,7.32,0.0,92.68
image_0195.jpg,label_0195.png,False,True,False,4.45,0.0,95.55,5.65,0.0,94.35
image_0196.jpg,label_0196.png,True,False,False,1.2,0.0,98.8,1.27,0.03,98.7
image_0197.jpg,label_0197.png,True,False,False,0.4,0.0,99.6,0.36,0.0,99.64
image_0198.jpg,label_0198.png,True,False,False,0.0,0.0,100.0,0.0,0.0,100.0
image_0199.jpg,label_0199.png,True,False,False,0.0,0.0,100.0,0.0,0.0,100.0
image_0200.jpg,label_0200.png,True,False,False,0.0,0.0,100.0,0.0,0.0,100.0
image_0201.jpg,label_0201.png,True,False,False,0.0,0.0,100.0,0.0,0.01,99.99
image_0202.jpg,label_0202.png,False,True,False,0.26,0.0,99.74,0.0,0.03,99.96
image_0203.jpg,label_0203.png,True,False,False,0.0,0.0,100.0,0.0,0.0,100.0
image_0204.jpg,label_0204.png,True,False,False,0.0,0.0,100.0,0.17,0.05,99.78
image_0205.jpg,label_0205.png,True,False,False,0.0,0.0,100.0,0.13,0.0,99.87
image_0206.jpg,label_0206.png,True,False,False,0.28,0.0,99.72,0.31,0.0,99.69
image_0207.jpg,label_0207.png,True,False,False,0.0,0.0,100.0,0.0,0.0,100.0
image_0208.jpg,label_0208.png,False,True,False,28.6,0.0,71.4,27.97,0.0,72.03
image_0209.jpg,label_0209.png,True,False,False,0.0,0.0,100.0,0.0,0.0,100.0
image_0210.jpg,label_0210.png,True,False,False,1.17,0.0,98.83,1.71,0.0,98.29
image_0211.jpg,label_0211.png,True,False,False,1.86,0.0,98.14,1.6,0.0,98.4
image_0212.jpg,label_0212.png,True,False,False,44.79,0.0,55.21,47.24,0.0,52.76
image_0213.jpg,label_0213.png,False,True,False,10.45,0.0,89.55,13.27,0.0,86.73
image_0214.jpg,label_0214.png,True,False,False,22.67,0.0,77.33,25.82,0.0,74.18
image_0215.jpg,label_0215.png,True,False,False,0.0,0.0,100.0,0.0,0.0,100.0
image_0216.jpg,label_0216.png,True,False,False,2.74,0.0,97.26,2.89,0.0,97.11
image_0217.jpg,label_0217.png,True,False,False,5.58,0.0,94.42,6.33,0.0,93.67
image_0218.jpg,label_0218.png,True,False,False,6.12,0.0,93.88,5.69,0.0,94.31
image_0219.jpg,label_0219.png,True,False,False,0.0,0.0,100.0,0.0,0.0,100.0
image_0220.jpg,label_0220.png,True,False,False,0.0,0.0,100.0,0.0,0.0,100.0
image_0221.jpg,label_0221.png,True,False,False,0.0,0.0,100.0,0.0,0.0,100.0
image_0222.jpg,label_0222.png,True,False,False,0.0,0.0,100.0,0.0,0.0,100.0
image_0223.jpg,label_0223.png,True,False,False,0.0,0.0,100.0,0.0,0.0,100.0
image_0224.jpg,label_0224.png,True,False,False,35.64,0.0,64.36,29.98,0.0,70.02
image_0225.jpg,label_0225.png,True,False,False,54.12,0.0,45.88,46.18,0.0,53.82
image_0226.jpg,label_0226.png,True,False,False,45.96,0.03,54.01,43.77,0.0,56.23
image_0227.jpg,label_0227.png,True,False,False,44.72,0.0,55.28,51.16,0.0,48.84
image_0228.jpg,label_0228.png,True,False,False,23.38,0.0,76.62,29.24,0.0,70.76
image_0229.jpg,label_0229.png,True,False,False,0.0,0.0,100.0,0.0,0.0,100.0
image_0230.jpg,label_0230.png,True,False,False,25.63,0.04,74.33,19.71,0.0,80.29
image_0231.jpg,label_0231.png,True,False,False,0.0,0.0,100.0,0.06,0.0,99.94
image_0232.jpg,label_0232.png,True,False,False,18.6,0.0,81.4,17.42,0.0,82.57
image_0233.jpg,label_0233.png,False,False,True,4.97,0.0,95.03,5.5,0.0,94.5
image_0234.jpg,label_0234.png,True,False,False,35.49,0.0,64.51,36.83,0.0,63.17
image_0235.jpg,label_0235.png,False,True,False,82.78,2.38,14.85,86.19,2.97,10.83
image_0236.jpg,label_0236.png,True,False,False,0.0,3.27,96.73,0.0,2.87,97.13
image_0237.jpg,label_0237.png,True,False,False,0.0,2.37,97.63,0.03,2.5,97.47
image_0238.jpg,label_0238.png,False,True,False,0.0,1.54,98.46,0.0,1.79,98.21
image_0239.jpg,label_0239.png,True,False,False,0.66,2.46,96.89,0.0,2.69,97.31
image_0240.jpg,label_0240.png,True,False,False,0.0,1.71,98.29,0.0,1.88,98.12
image_0241.jpg,label_0241.png,True,False,False,0.0,4.23,95.77,0.12,3.92,95.95
image_0242.jpg,label_0242.png,True,False,False,44.52,6.91,48.57,41.2,3.21,55.59
image_0243.jpg,label_0243.png,False,True,False,0.0,3.85,96.15,5.96,3.58,90.47
image_0244.jpg,label_0244.png,False,True,False,1.15,2.53,96.32,0.02,2.92,97.06
image_0245.jpg,label_0245.png,True,False,False,1.77,1.96,96.27,0.87,1.68,97.46
image_0246.jpg,label_0246.png,True,False,False,0.0,1.39,98.61,0.0,1.07,98.93
image_0247.jpg,label_0247.png,False,False,True,0.4,0.73,98.88,0.02,0.56,99.43
image_0248.jpg,label_0248.png,True,False,False,0.42,1.16,98.42,0.58,0.96,98.46
image_0249.jpg,label_0249.png,True,False,False,1.22,0.54,98.23,0.64,0.5,98.86
image_0250.jpg,label_0250.png,True,False,False,0.21,0.39,99.4,0.25,0.28,99.47
image_0251.jpg,label_0251.png,True,False,False,0.0,0.65,99.35,0.05,0.59,99.36
image_0252.jpg,label_0252.png,True,False,False,0.0,0.29,99.71,0.0,0.23,99.76
image_0253.jpg,label_0253.png,True,False,False,99.82,0.0,0.18,99.78,0.0,0.22
image_0254.jpg,label_0254.png,True,False,False,100.0,0.0,0.0,99.95,0.0,0.05
image_0255.jpg,label_0255.png,True,False,False,98.25,0.0,1.75,98.65,0.05,1.3
image_0256.jpg,label_0256.png,True,False,False,100.0,0.0,0.0,98.31,0.0,1.69
image_0257.jpg,label_0257.png,True,False,False,28.56,66.68,4.76,29.21,65.98,4.81
image_0258.jpg,label_0258.png,True,False,False,36.49,58.58,4.93,37.54,57.4,5.06
image_0259.jpg,label_0259.png,False,False,True,18.83,69.55,11.62,20.55,67.79,11.66
image_0260.jpg,label_0260.png,True,False,False,21.36,48.57,30.07,21.47,46.68,31.85
image_0261.jpg,label_0261.png,True,False,False,28.06,40.64,31.3,29.34,40.16,30.5
image_0262.jpg,label_0262.png,True,False,False,19.1,55.56,25.34,21.7,54.29,24.0
image_0263.jpg,label_0263.png,True,False,False,18.07,56.15,25.77,19.99,55.47,24.54
image_0264.jpg,label_0264.png,True,False,False,15.75,31.21,53.05,17.33,33.96,48.71
image_0265.jpg,label_0265.png,True,False,False,55.02,44.46,0.52,54.99,44.33,0.68
image_0266.jpg,label_0266.png,True,False,False,11.8,33.06,55.15,14.2,36.93,48.87
image_0267.jpg,label_0267.png,False,True,False,14.96,35.08,49.96,19.11,37.64,43.25
image_0268.jpg,label_0268.png,True,False,False,24.49,0.37,75.14,23.96,0.34,75.71
image_0269.jpg,label_0269.png,True,False,False,31.94,0.72,67.34,30.05,0.66,69.3
image_0270.jpg,label_0270.png,True,False,False,17.1,11.27,71.63,12.92,10.97,76.11
image_0271.jpg,label_0271.png,False,True,False,99.38,0.03,0.58,99.33,0.01,0.66
image_0272.jpg,label_0272.png,True,False,False,99.51,0.02,0.48,99.47,0.01,0.52
image_0273.jpg,label_0273.png,True,False,False,98.29,0.03,1.67,98.04,0.02,1.94
image_0274.jpg,label_0274.png,True,False,False,99.04,0.0,0.96,99.02,0.01,0.98
image_0275.jpg,label_0275.png,True,False,False,85.0,1.75,13.25,81.75,1.75,16.5
image_0276.jpg,label_0276.png,True,False,False,85.55,0.65,13.81,81.85,0.66,17.49
image_0277.jpg,label_0277.png,True,False,False,79.34,1.21,19.45,74.0,1.25,24.75
image_0278.jpg,label_0278.png,False,False,True,80.39,0.62,18.99,73.7,0.65,25.65
image_0279.jpg,label_0279.png,True,False,False,78.77,2.97,18.26,71.06,3.11,25.84
image_0280.jpg,label_0280.png,True,False,False,84.81,2.57,12.62,81.68,2.65,15.67
image_0281.jpg,label_0281.png,False,False,True,99.95,0.01,0.04,99.94,0.0,0.06
image_0282.jpg,label_0282.png,True,False,False,99.95,0.0,0.05,99.96,0.0,0.04
image_0283.jpg,label_0283.png,True,False,False,100.0,0.0,0.0,100.0,0.0,0.0
image_0284.jpg,label_0284.png,True,False,False,99.86,0.0,0.14,99.98,0.0,0.02
image_0285.jpg,label_0285.png,True,False,False,99.94,0.0,0.06,99.98,0.0,0.02
image_0286.jpg,label_0286.png,True,False,False,99.58,0.0,0.42,99.5,0.0,0.5
image_0287.jpg,label_0287.png,True,False,False,99.7,0.0,0.3,99.54,0.0,0.46
image_0288.jpg,label_0288.png,True,False,False,99.91,0.0,0.09,99.86,0.0,0.14
image_0289.jpg,label_0289.png,True,False,False,9.5,3.51,86.99,8.8,3.31,87.9
image_0290.jpg,label_0290.png,False,True,False,11.03,9.17,79.8,10.36,8.43,81.21
image_0291.jpg,label_0291.png,True,False,False,11.27,9.98,78.75,14.41,9.36,76.23
image_0292.jpg,label_0292.png,False,False,True,27.55,8.88,63.57,24.8,8.57,66.62
image_0293.jpg,label_0293.png,True,False,False,13.48,7.87,78.65,14.68,7.55,77.77
image_0294.jpg,label_0294.png,False,True,False,15.54,2.1,82.36,17.13,2.18,80.69
image_0295.jpg,label_0295.png,True,False,False,26.86,5.42,67.72,25.15,5.17,69.68
image_0296.jpg,label_0296.png,True,False,False,21.93,1.57,76.5,25.61,1.86,72.53
image_0297.jpg,label_0297.png,True,False,False,0.0,0.59,99.41,1.73,0.56,97.72
image_0298.jpg,label_0298.png,False,True,False,0.0,5.16,94.84,6.08,5.64,88.28
image_0299.jpg,label_0299.png,True,False,False,99.9,0.0,0.1,99.94,0.0,0.06
image_0300.jpg,label_0300.png,True,False,False,99.87,0.0,0.13,99.83,0.0,0.17
image_0301.jpg,label_0301.png,True,False,False,99.56,0.0,0.44,99.83,0.0,0.17
image_0302.jpg,label_0302.png,True,False,False,99.83,0.0,0.17,99.79,0.0,0.21
image_0303.jpg,label_0303.png,True,False,False,99.89,0.0,0.11,99.85,0.0,0.15
image_0304.jpg,label_0304.png,True,False,False,99.92,0.0,0.08,99.88,0.0,0.12
image_0305.jpg,label_0305.png,True,False,False,99.77,0.0,0.23,99.87,0.0,0.13
image_0306.jpg,label_0306.png,False,False,True,99.89,0.0,0.11,99.87,0.0,0.13
image_0307.jpg,label_0307.png,True,False,False,100.0,0.0,0.0,99.86,0.0,0.14
image_0308.jpg,label_0308.png,True,False,False,99.73,0.0,0.27,99.7,0.0,0.3
image_0309.jpg,label_0309.png,True,False,False,99.79,0.0,0.21,99.77,0.0,0.23
image_0310.jpg,label_0310.png,True,False,False,99.26,0.0,0.74,99.08,0.0,0.92
image_0311.jpg,label_0311.png,True,False,False,98.85,0.0,1.15,98.61,0.0,1.39
image_0312.jpg,label_0312.png,True,False,False,99.93,0.0,0.07,99.9,0.0,0.1
image_0313.jpg,label_0313.png,True,False,False,99.89,0.0,0.11,99.92,0.0,0.08
image_0314.jpg,label_0314.png,True,False,False,99.48,0.0,0.52,99.48,0.0,0.52
image_0315.jpg,label_0315.png,True,False,False,99.91,0.0,0.09,99.88,0.0,0.12
image_0316.jpg,label_0316.png,True,False,False,99.89,0.0,0.11,99.89,0.0,0.11
image_0317.jpg,label_0317.png,False,False,True,99.47,0.0,0.53,99.55,0.0,0.45
image_0318.jpg,label_0318.png,True,False,False,99.48,0.0,0.52,99.75,0.0,0.25
image_0319.jpg,label_0319.png,False,True,False,100.0,0.0,0.0,100.0,0.0,0.0
image_0320.jpg,label_0320.png,True,False,False,99.72,0.0,0.28,99.73,0.0,0.27
image_0321.jpg,label_0321.png,True,False,False,99.93,0.0,0.07,99.93,0.0,0.07
image_0322.jpg,label_0322.png,True,False,False,99.95,0.0,0.05,99.97,0.0,0.03
image_0323.jpg,label_0323.png,True,False,False,99.69,0.01,0.31,99.72,0.01,0.27
image_0324.jpg,label_0324.png,True,False,False,99.71,0.0,0.29,99.87,0.0,0.13
image_0325.jpg,label_0325.png,True,False,False,99.83,0.0,0.17,99.79,0.0,0.21
image_0326.jpg,label_0326.png,True,False,False,99.32,0.0,0.68,99.5,0.0,0.5
image_0327.jpg,label_0327.png,True,False,False,99.95,0.0,0.05,99.98,0.0,0.02
image_0328.jpg,label_0328.png,True,False,False,99.8,0.0,0.2,99.91,0.0,0.09
image_0329.jpg,label_0329.png,True,False,False,99.54,0.0,0.46,99.75,0.0,0.25
image_0330.jpg,label_0330.png,False,True,False,100.0,0.0,0.0,99.91,0.0,0.09
image_0331.jpg,label_0331.png,True,False,False,100.0,0.0,0.0,99.97,0.0,0.03
image_0332.jpg,label_0332.png,True,False,False,100.0,0.0,0.0,99.96,0.01,0.03
image_0333.jpg,label_0333.png,True,False,False,100.0,0.0,0.0,99.92,0.02,0.06
image_0334.jpg,label_0334.png,True,False,False,99.73,0.0,0.27,99.87,0.0,0.13
image_0335.jpg,label_0335.png,False,True,False,99.84,0.0,0.16,99.93,0.0,0.07
image_0336.jpg,label_0336.png,True,False,False,99.93,0.0,0.07,99.91,0.0,0.08
image_0337.jpg,label_0337.png,True,False,False,99.72,0.0,0.28,99.87,0.0,0.12
image_0338.jpg,label_0338.png,True,False,False,99.57,0.01,0.43,99.89,0.01,0.1
image_0339.jpg,label_0339.png,True,False,False,98.75,0.01,1.24,98.33,0.01,1.66
image_0340.jpg,label_0340.png,True,False,False,99.74,0.0,0.26,99.85,0.0,0.15
image_0341.jpg,label_0341.png,False,True,False,100.0,0.0,0.0,99.95,0.0,0.05
image_0342.jpg,label_0342.png,False,False,True,99.71,0.0,0.29,99.8,0.0,0.2
image_0343.jpg,label_0343.png,True,False,False,99.35,0.0,0.65,99.33,0.0,0.67
image_0344.jpg,label_0344.png,False,True,False,100.0,0.0,0.0,99.98,0.02,0.0
image_0345.jpg,label_0345.png,True,False,False,99.8,0.0,0.2,99.79,0.0,0.21
image_0346.jpg,label_0346.png,True,False,False,99.88,0.05,0.07,99.81,0.05,0.14
image_0347.jpg,label_0347.png,True,False,False,79.24,0.51,20.25,77.77,0.48,21.76
image_0348.jpg,label_0348.png,True,False,False,82.27,0.49,17.25,81.62,0.48,17.9
image_0349.jpg,label_0349.png,False,True,False,78.89,0.33,20.78,82.12,0.32,17.56
image_0350.jpg,label_0350.png,True,False,False,82.77,0.25,16.98,83.86,0.2,15.94
image_0351.jpg,label_0351.png,True,False,False,91.26,0.18,8.56,91.37,0.19,8.44
image_0352.jpg,label_0352.png,True,False,False,81.09,0.21,18.7,79.98,0.21,19.81
image_0353.jpg,label_0353.png,True,False,False,83.77,0.05,16.17,84.41,0.05,15.54
image_0354.jpg,label_0354.png,True,False,False,77.9,0.26,21.84,77.33,0.27,22.4
image_0355.jpg,label_0355.png,True,False,False,82.45,0.59,16.97,80.94,0.61,18.45
image_0356.jpg,label_0356.png,True,False,False,79.67,0.94,19.39,78.06,0.89,21.05
image_0357.jpg,label_0357.png,False,True,False,88.7,0.08,11.21,89.93,0.08,10.0
image_0358.jpg,label_0358.png,True,False,False,88.23,0.21,11.57,89.43,0.2,10.37
image_0359.jpg,label_0359.png,True,False,False,85.52,0.2,14.28,83.69,0.19,16.12
image_0360.jpg,label_0360.png,True,False,False,100.0,0.0,0.0,99.33,0.0,0.67
image_0361.jpg,label_0361.png,True,False,False,100.0,0.0,0.0,99.29,0.0,0.71
image_0362.jpg,label_0362.png,True,False,False,51.61,0.0,48.38,56.25,0.0,43.74
image_0363.jpg,label_0363.png,False,True,False,41.59,0.09,58.32,47.9,0.05,52.05
image_0364.jpg,label_0364.png,True,False,False,52.55,0.0,47.45,58.83,0.0,41.17
image_0365.jpg,label_0365.png,True,False,False,99.79,0.0,0.21,99.9,0.0,0.1
image_0366.jpg,label_0366.png,True,False,False,49.89,0.7,49.41,51.84,0.55,47.61
image_0367.jpg,label_0367.png,True,False,False,16.76,0.15,83.09,19.21,0.13,80.66
image_0368.jpg,label_0368.png,True,False,False,8.96,4.08,86.95,6.75,4.08,89.17
image_0369.jpg,label_0369.png,True,False,False,99.88,0.0,0.12,99.82,0.0,0.18
image_0370.jpg,label_0370.png,False,False,True,100.0,0.0,0.0,99.75,0.0,0.25
image_0371.jpg,label_0371.png,False,True,False,100.0,0.0,0.0,99.89,0.0,0.11
image_0372.jpg,label_0372.png,True,False,False,99.82,0.0,0.18,99.91,0.0,0.09
image_0373.jpg,label_0373.png,True,False,False,100.0,0.0,0.0,99.77,0.0,0.23
image_0374.jpg,label_0374.png,True,False,False,99.52,0.03,0.45,99.44,0.03,0.53
image_0375.jpg,label_0375.png,True,False,False,97.48,0.08,2.44,98.05,0.08,1.87
image_0376.jpg,label_0376.png,True,False,False,97.94,0.05,2.01,97.71,0.04,2.25
image_0377.jpg,label_0377.png,True,False,False,99.85,0.03,0.12,99.88,0.03,0.08
image_0378.jpg,label_0378.png,True,False,False,98.49,0.05,1.45,98.39,0.04,1.56
image_0379.jpg,label_0379.png,False,True,False,100.0,0.0,0.0,99.98,0.0,0.02
image_0380.jpg,label_0380.png,False,True,False,99.12,0.35,0.53,98.77,0.31,0.92
image_0381.jpg,label_0381.png,False,False,True,92.37,0.34,7.3,91.64,0.23,8.13
image_0382.jpg,label_0382.png,True,False,False,90.8,0.08,9.12,91.34,0.08,8.58
image_0383.jpg,label_0383.png,True,False,False,97.96,0.15,1.89,98.06,0.15,1.79
image_0384.jpg,label_0384.png,True,False,False,98.18,0.17,1.66,97.93,0.11,1.96
image_0385.jpg,label_0385.png,True,False,False,99.05,0.27,0.68,98.69,0.24,1.08
image_0386.jpg,label_0386.png,True,False,False,95.8,0.51,3.7,95.83,0.46,3.7
image_0387.jpg,label_0387.png,True,False,False,100.0,0.0,0.0,99.98,0.0,0.02
image_0388.jpg,label_0388.png,True,False,False,99.97,0.03,0.0,99.96,0.03,0.01
image_0389.jpg,label_0389.png,False,False,True,3.51,5.51,90.99,3.94,4.98,91.08
image_0390.jpg,label_0390.png,True,False,False,90.3,8.32,1.38,91.1,7.93,0.97
image_0391.jpg,label_0391.png,True,False,False,99.99,0.0,0.01,99.99,0.0,0.01
image_0392.jpg,label_0392.png,True,False,False,20.27,7.39,72.34,15.17,5.86,78.97
image_0393.jpg,label_0393.png,True,False,False,20.41,4.5,75.09,16.58,4.01,79.41
image_0394.jpg,label_0394.png,True,False,False,14.43,5.76,79.82,10.05,5.03,84.93
image_0395.jpg,label_0395.png,False,False,True,2.82,4.93,92.25,4.4,5.35,90.25
image_0396.jpg,label_0396.png,True,False,False,2.58,3.49,93.93,3.8,3.56,92.64
image_0397.jpg,label_0397.png,True,False,False,15.97,2.19,81.83,12.4,1.91,85.69
image_0398.jpg,label_0398.png,True,False,False,83.76,14.46,1.78,84.19,13.92,1.9
image_0399.jpg,label_0399.png,False,False,True,99.7,0.0,0.3,99.91,0.0,0.09
image_0400.jpg,label_0400.png,True,False,False,19.4,9.58,71.01,14.81,8.59,76.6
image_0401.jpg,label_0401.png,True,False,False,0.35,19.56,80.1,2.42,20.42,77.15
image_0402.jpg,label_0402.png,False,False,True,83.68,15.94,0.38,81.99,17.8,0.21
image_0403.jpg,label_0403.png,False,True,False,99.17,0.05,0.79,99.62,0.05,0.33
image_0404.jpg,label_0404.png,False,True,False,37.31,7.9,54.79,33.22,6.8,59.99
image_0405.jpg,label_0405.png,True,False,False,33.71,5.97,60.32,31.49,5.09,63.42
image_0406.jpg,label_0406.png,True,False,False,26.93,0.88,72.19,24.52,0.52,74.96
image_0407.jpg,label_0407.png,False,True,False,34.53,2.27,63.2,32.06,1.83,66.11
image_0408.jpg,label_0408.png,True,False,False,18.98,0.78,80.24,16.89,0.49,82.62
image_0409.jpg,label_0409.png,True,False,False,76.2,23.8,0.0,73.45,26.43,0.12
image_0410.jpg,label_0410.png,True,False,False,99.91,0.0,0.08,99.91,0.0,0.09
image_0411.jpg,label_0411.png,True,False,False,100.0,0.0,0.0,99.94,0.0,0.06
image_0412.jpg,label_0412.png,True,False,False,99.98,0.0,0.02,100.0,0.0,0.0
image_0413.jpg,label_0413.png,True,False,False,72.2,0.03,27.77,73.15,0.03,26.82
image_0414.jpg,label_0414.png,True,False,False,0.31,0.0,99.69,0.27,0.0,99.73
image_0415.jpg,label_0415.png,True,False,False,0.0,0.21,99.79,0.0,0.11,99.89
image_0416.jpg,label_0416.png,True,False,False,99.95,0.0,0.05,99.97,0.0,0.03
image_0417.jpg,label_0417.png,False,True,False,1.83,0.02,98.15,6.14,0.05,93.81
image_0418.jpg,label_0418.png,True,False,False,0.18,0.0,99.82,0.16,0.0,99.84
image_0419.jpg,label_0419.png,False,False,True,2.06,0.0,97.94,1.82,0.0,98.18
image_0420.jpg,label_0420.png,True,False,False,99.73,0.0,0.27,99.68,0.0,0.32
image_0421.jpg,label_0421.png,True,False,False,0.0,0.0,100.0,1.77,0.0,98.23
image_0422.jpg,label_0422.png,False,False,True,0.0,0.0,100.0,5.97,0.01,94.03
image_0423.jpg,label_0423.png,True,False,False,2.28,0.0,97.72,1.67,0.03,98.3
image_0424.jpg,label_0424.png,False,True,False,0.59,0.0,99.41,0.67,0.49,98.83
image_0425.jpg,label_0425.png,True,False,False,2.57,0.0,97.43,1.25,0.74,98.01
image_0426.jpg,label_0426.png,False,False,True,0.0,0.0,100.0,0.67,0.23,99.09
image_0427.jpg,label_0427.png,True,False,False,1.6,0.0,98.4,1.11,0.53,98.36
image_0428.jpg,label_0428.png,True,False,False,3.44,0.0,96.56,2.16,0.54,97.3
image_0429.jpg,label_0429.png,True,False,False,0.88,0.0,99.12,0.78,0.87,98.35
image_0430.jpg,label_0430.png,True,False,False,99.25,0.0,0.75,99.51,0.0,0.49
image_0431.jpg,label_0431.png,True,False,False,98.93,0.0,1.07,99.07,0.0,0.93
image_0432.jpg,label_0432.png,True,False,False,0.2,0.0,99.8,1.4,0.17,98.42
image_0433.jpg,label_0433.png,True,False,False,98.03,0.0,1.97,98.34,0.0,1.65
image_0434.jpg,label_0434.png,False,True,False,98.79,0.0,1.21,98.98,0.0,1.02
image_0435.jpg,label_0435.png,True,False,False,0.24,0.0,99.76,3.79,1.34,94.86
image_0436.jpg,label_0436.png,True,False,False,97.45,0.12,2.44,97.32,0.12,2.56
image_0437.jpg,label_0437.png,True,False,False,0.99,0.0,99.01,0.65,0.0,99.35
image_0438.jpg,label_0438.png,True,False,False,1.86,0.0,98.14,1.59,0.0,98.41
image_0439.jpg,label_0439.png,True,False,False,15.64,0.0,84.36,7.53,0.45,92.02
image_0440.jpg,label_0440.png,True,False,False,22.79,0.0,77.21,23.89,0.36,75.75
image_0441.jpg,label_0441.png,True,False,False,29.61,0.0,70.39,25.63,0.43,73.94
image_0442.jpg,label_0442.png,True,False,False,17.76,0.58,81.66,19.33,0.48,80.18
image_0443.jpg,label_0443.png,True,False,False,12.71,0.0,87.29,10.73,0.26,89.0
image_0444.jpg,label_0444.png,True,False,False,1.62,0.0,98.38,1.49,0.11,98.41
image_0445.jpg,label_0445.png,True,False,False,2.13,0.0,97.87,13.68,0.72,85.6
image_0446.jpg,label_0446.png,True,False,False,0.73,0.0,99.27,3.99,0.24,95.76
image_0447.jpg,label_0447.png,True,False,False,16.91,1.07,82.02,5.22,1.55,93.24
image_0448.jpg,label_0448.png,True,False,False,0.32,2.52,97.16,4.34,2.51,93.14
image_0449.jpg,label_0449.png,True,False,False,0.0,0.94,99.06,2.83,1.01,96.15
image_0450.jpg,label_0450.png,True,False,False,0.0,2.14,97.86,4.19,1.63,94.18
image_0451.jpg,label_0451.png,False,False,True,0.0,0.38,99.62,4.35,0.32,95.33
image_0452.jpg,label_0452.png,True,False,False,0.0,3.07,96.93,8.45,2.88,88.67
image_0453.jpg,label_0453.png,False,True,False,0.0,2.08,97.92,11.16,3.09,85.75
image_0454.jpg,label_0454.png,True,False,False,0.12,99.88,0.0,0.08,99.92,0.0
image_0455.jpg,label_0455.png,True,False,False,0.21,99.79,0.0,0.17,99.83,0.0
image_0456.jpg,label_0456.png,True,False,False,1.98,97.85,0.18,1.77,98.17,0.06
image_0457.jpg,label_0457.png,True,False,False,1.04,98.92,0.04,1.02,98.94,0.04
image_0458.jpg,label_0458.png,True,False,False,0.36,99.55,0.09,0.33,99.59,0.09
image_0459.jpg,label_0459.png,False,True,False,2.57,97.38,0.05,2.58,97.38,0.04
image_0460.jpg,label_0460.png,False,True,False,0.0,100.0,0.0,0.26,99.36,0.38
image_0461.jpg,label_0461.png,True,False,False,0.0,100.0,0.0,0.28,99.3,0.42
image_0462.jpg,label_0462.png,True,False,False,0.0,100.0,0.0,0.83,98.65,0.52
image_0463.jpg,label_0463.png,True,False,False,99.92,0.0,0.08,99.98,0.0,0.02
image_0464.jpg,label_0464.png,True,False,False,62.97,36.28,0.75,65.4,33.6,0.99
image_0465.jpg,label_0465.png,True,False,False,57.3,42.42,0.29,47.0,51.43,1.57
image_0466.jpg,label_0466.png,True,False,False,16.02,82.11,1.87,14.87,81.6,3.53
image_0467.jpg,label_0467.png,True,False,False,74.59,24.87,0.54,76.91,22.7,0.39
image_0468.jpg,label_0468.png,True,False,False,40.09,57.23,2.68,42.55,54.78,2.67
image_0469.jpg,label_0469.png,True,False,False,14.91,84.11,0.98,14.78,83.71,1.51
image_0470.jpg,label_0470.png,True,False,False,0.0,5.19,94.81,1.01,9.06,89.93
image_0471.jpg,label_0471.png,True,False,False,99.97,0.0,0.03,99.98,0.0,0.02
image_0472.jpg,label_0472.png,True,False,False,0.0,4.31,95.69,0.66,7.31,92.03
image_0473.jpg,label_0473.png,False,False,True,0.0,1.79,98.21,0.39,3.39,96.21
image_0474.jpg,label_0474.png,True,False,False,91.57,8.11,0.33,92.66,7.09,0.25
image_0475.jpg,label_0475.png,False,True,False,48.58,26.79,24.63,48.85,26.27,24.88
image_0476.jpg,label_0476.png,True,False,False,48.1,24.46,27.44,46.38,23.96,29.66
image_0477.jpg,label_0477.png,False,True,False,45.48,17.69,36.83,52.38,19.24,28.38
image_0478.jpg,label_0478.png,True,False,False,43.96,18.1,37.94,43.0,17.9,39.1
image_0479.jpg,label_0479.png,True,False,False,60.24,15.1,24.66,59.81,20.69,19.5
image_0480.jpg,label_0480.png,True,False,False,47.98,18.96,33.06,49.39,26.66,23.95
image_0481.jpg,label_0481.png,True,False,False,49.77,24.34,25.89,49.92,23.39,26.69
image_0482.jpg,label_0482.png,False,False,True,98.48,1.44,0.08,98.79,1.14,0.07
image_0483.jpg,label_0483.png,True,False,False,39.94,29.05,31.01,42.3,29.13,28.57
image_0484.jpg,label_0484.png,True,False,False,44.66,28.98,26.36,45.45,28.1,26.45
image_0485.jpg,label_0485.png,False,False,True,85.4,14.21,0.38,87.35,12.32,0.34
image_0486.jpg,label_0486.png,True,False,False,47.48,29.81,22.71,47.25,29.38,23.37
image_0487.jpg,label_0487.png,True,False,False,53.17,28.25,18.58,53.21,27.38,19.41
image_0488.jpg,label_0488.png,True,False,False,50.77,32.67,16.56,51.56,31.8,16.64
image_0489.jpg,label_0489.png,True,False,False,41.03,36.03,22.94,38.75,34.79,26.47
image_0490.jpg,label_0490.png,True,False,False,48.62,37.27,14.11,47.15,36.44,16.4
image_0491.jpg,label_0491.png,False,False,True,53.44,35.8,10.77,52.54,35.21,12.25
image_0492.jpg,label_0492.png,True,False,False,1.21,5.22,93.57,0.75,4.46,94.79
image_0493.jpg,label_0493.png,True,False,False,0.0,0.33,99.67,0.34,0.52,99.14
image_0494.jpg,label_0494.png,False,False,True,48.91,33.27,17.82,49.83,32.83,17.34
image_0495.jpg,label_0495.png,False,True,False,58.28,41.72,0.0,35.15,62.66,2.19
image_0496.jpg,label_0496.png,True,False,False,50.49,33.06,16.45,48.87,32.39,18.73
image_0497.jpg,label_0497.png,True,False,False,66.47,33.53,0.0,46.31,51.89,1.8
image_0498.jpg,label_0498.png,True,False,False,0.0,0.15,99.85,9.17,0.52,90.32
image_0499.jpg,label_0499.png,False,False,True,64.85,35.15,0.0,45.06,53.41,1.53
image_0500.jpg,label_0500.png,True,False,False,8.21,0.33,91.46,8.08,0.24,91.68
image_0501.jpg,label_0501.png,True,False,False,4.13,0.37,95.51,4.41,0.27,95.32
image_0502.jpg,label_0502.png,True,False,False,14.54,2.01,83.45,15.93,1.38,82.69
image_0503.jpg,label_0503.png,True,False,False,7.09,1.05,91.86,7.51,0.71,91.78
image_0504.jpg,label_0504.png,True,False,False,6.28,2.4,91.32,4.77,1.02,94.21
image_0505.jpg,label_0505.png,True,False,False,2.5,1.36,96.14,3.17,0.78,96.05
image_0506.jpg,label_0506.png,True,False,False,4.15,1.39,94.46,5.34,0.92,93.74
image_0507.jpg,label_0507.png,True,False,False,1.23,4.33,94.44,0.73,3.62,95.66
image_0508.jpg,label_0508.png,True,False,False,4.92,1.85,93.24,4.27,1.08,94.65
image_0509.jpg,label_0509.png,True,False,False,6.16,2.3,91.53,3.8,1.84,94.36
image_0510.jpg,label_0510.png,True,False,False,10.43,2.06,87.51,10.03,1.69,88.28
image_0511.jpg,label_0511.png,True,False,False,17.51,0.2,82.29,18.38,0.1,81.51
image_0512.jpg,label_0512.png,True,False,False,2.68,0.38,96.94,0.89,0.3,98.81
image_0513.jpg,label_0513.png,True,False,False,0.23,3.41,96.36,2.94,3.74,93.32
image_0514.jpg,label_0514.png,True,False,False,93.62,6.15,0.24,94.32,5.42,0.25
image_0515.jpg,label_0515.png,True,False,False,74.93,24.99,0.08,75.23,24.59,0.18
image_0516.jpg,label_0516.png,True,False,False,82.27,17.54,0.18,82.58,17.19,0.23
image_0517.jpg,label_0517.png,False,False,True,75.14,24.68,0.18,75.5,24.3,0.21
image_0518.jpg,label_0518.png,False,False,True,87.77,11.47,0.76,88.06,11.2,0.74
image_0519.jpg,label_0519.png,True,False,False,70.3,29.25,0.46,70.58,28.86,0.56
image_0520.jpg,label_0520.png,True,False,False,80.07,19.19,0.74,80.39,18.82,0.79
image_0521.jpg,label_0521.png,True,False,False,19.63,33.92,46.45,21.39,35.16,43.46
image_0522.jpg,label_0522.png,True,False,False,18.77,34.99,46.23,17.44,34.65,47.91
image_0523.jpg,label_0523.png,True,False,False,16.37,28.57,55.05,16.17,28.3,55.53
image_0524.jpg,label_0524.png,True,False,False,89.48,10.5,0.01,89.74,10.24,0.01
image_0525.jpg,label_0525.png,True,False,False,26.75,34.75,38.5,28.38,35.07,36.55
image_0526.jpg,label_0526.png,True,False,False,27.45,31.71,40.84,30.35,32.0,37.64
image_0527.jpg,label_0527.png,False,False,True,19.78,13.22,67.01,21.64,13.12,65.24
image_0528.jpg,label_0528.png,True,False,False,31.5,14.68,53.82,31.63,14.39,53.98
image_0529.jpg,label_0529.png,True,False,False,3.76,0.8,95.44,3.35,0.55,96.1
image_0530.jpg,label_0530.png,True,False,False,0.0,0.03,99.97,1.45,0.05,98.5
image_0531.jpg,label_0531.png,True,False,False,30.09,12.63,57.28,29.65,13.14,57.22
image_0532.jpg,label_0532.png,False,False,True,20.07,9.11,70.82,15.09,10.19,74.72
image_0533.jpg,label_0533.png,True,False,False,29.7,13.66,56.64,26.18,14.63,59.2
image_0534.jpg,label_0534.png,True,False,False,28.69,11.93,59.38,27.13,12.02,60.85
image_0535.jpg,label_0535.png,True,False,False,27.02,12.15,60.83,24.01,11.96,64.03
image_0536.jpg,label_0536.png,True,False,False,26.18,0.16,73.66,25.9,0.1,74.01
image_0537.jpg,label_0537.png,True,False,False,33.77,0.1,66.13,33.95,0.07,65.98
image_0538.jpg,label_0538.png,True,False,False,26.9,0.04,73.06,28.1,0.02,71.87
image_0539.jpg,label_0539.png,True,False,False,26.54,0.0,73.46,16.97,0.02,83.01
image_0540.jpg,label_0540.png,True,False,False,0.0,0.0,100.0,1.77,0.0,98.23
image_0541.jpg,label_0541.png,True,False,False,28.01,0.01,71.98,23.21,0.07,76.71
image_0542.jpg,label_0542.png,False,False,True,33.96,0.05,65.99,28.44,0.02,71.54
image_0543.jpg,label_0543.png,True,False,False,0.0,0.0,100.0,2.58,0.01,97.4
image_0544.jpg,label_0544.png,True,False,False,0.22,0.04,99.74,0.1,0.15,99.75
image_0545.jpg,label_0545.png,True,False,False,1.79,1.0,97.22,1.64,0.69,97.67
image_0546.jpg,label_0546.png,True,False,False,22.85,17.9,59.25,27.92,12.8,59.28
image_0547.jpg,label_0547.png,True,False,False,93.47,0.19,6.34,93.28,0.15,6.56
image_0548.jpg,label_0548.png,False,True,False,82.96,0.22,16.82,83.47,0.16,16.37
image_0549.jpg,label_0549.png,True,False,False,94.77,0.3,4.93,94.68,0.24,5.07
image_0550.jpg,label_0550.png,False,True,False,88.57,0.41,11.02,88.62,0.35,11.03
image_0551.jpg,label_0551.png,True,False,False,96.33,0.08,3.59,95.77,0.07,4.17
image_0552.jpg,label_0552.png,True,False,False,90.2,0.0,9.8,92.21,0.69,7.1
image_0553.jpg,label_0553.png,True,False,False,95.12,0.0,4.88,94.9,0.05,5.05
image_0554.jpg,label_0554.png,True,False,False,97.94,0.04,2.01,97.67,0.04,2.29
image_0555.jpg,label_0555.png,True,False,False,95.23,0.0,4.77,94.91,0.07,5.01
image_0556.jpg,label_0556.png,True,False,False,0.0,0.02,99.98,0.25,0.08,99.66
image_0557.jpg,label_0557.png,True,False,False,98.54,0.02,1.44,98.95,0.01,1.03
image_0558.jpg,label_0558.png,True,False,False,95.77,0.07,4.16,95.86,0.06,4.08
image_0559.jpg,label_0559.png,False,False,True,89.66,0.0,10.34,92.2,0.04,7.76
image_0560.jpg,label_0560.png,False,True,False,93.7,0.1,6.2,94.12,0.08,5.8
image_0561.jpg,label_0561.png,True,False,False,90.56,0.0,9.44,91.03,0.1,8.87
image_0562.jpg,label_0562.png,True,False,False,86.88,0.48,12.64,87.28,0.38,12.34
image_0563.jpg,label_0563.png,True,False,False,99.71,0.0,0.29,99.79,0.0,0.21
image_0564.jpg,label_0564.png,True,False,False,99.81,0.0,0.19,99.92,0.0,0.08
image_0565.jpg,label_0565.png,True,False,False,99.82,0.0,0.18,99.85,0.0,0.15
image_0566.jpg,label_0566.png,True,False,False,99.85,0.0,0.15,99.88,0.0,0.12
image_0567.jpg,label_0567.png,False,False,True,98.84,0.0,1.16,98.95,0.0,1.05
image_0568.jpg,label_0568.png,True,False,False,99.37,0.0,0.63,99.47,0.0,0.53
image_0569.jpg,label_0569.png,True,False,False,98.8,0.03,1.17,99.18,0.03,0.79
image_0570.jpg,label_0570.png,True,False,False,99.87,0.0,0.13,99.87,0.0,0.13
image_0571.jpg,label_0571.png,True,False,False,99.17,0.0,0.82,99.25,0.0,0.75
image_0572.jpg,label_0572.png,True,False,False,99.12,0.48,0.4,99.08,0.49,0.42
image_0573.jpg,label_0573.png,True,False,False,98.61,0.83,0.56,98.48,0.91,0.61
image_0574.jpg,label_0574.png,True,False,False,52.75,35.39,11.86,55.9,32.8,11.3
image_0575.jpg,label_0575.png,False,True,False,15.97,44.87,39.17,17.67,47.6,34.73
image_0576.jpg,label_0576.png,True,False,False,46.14,51.42,2.44,48.09,49.67,2.24
image_0577.jpg,label_0577.png,True,False,False,43.27,36.73,20.0,45.48,35.64,18.89
image_0578.jpg,label_0578.png,True,False,False,17.27,43.82,38.91,17.43,43.21,39.36
image_0579.jpg,label_0579.png,True,False,False,17.7,42.99,39.31,17.52,41.65,40.83
image_0580.jpg,label_0580.png,False,False,True,24.09,43.7,32.21,27.39,42.05,30.55
image_0581.jpg,label_0581.png,True,False,False,44.56,0.25,55.19,42.97,0.22,56.81
image_0582.jpg,label_0582.png,True,False,False,44.56,0.0,55.44,41.12,0.21,58.67
image_0583.jpg,label_0583.png,True,False,False,44.55,0.0,55.45,43.48,0.12,56.4
image_0584.jpg,label_0584.png,True,False,False,44.55,0.0,55.45,46.54,0.24,53.22
image_0585.jpg,label_0585.png,False,False,True,2.02,81.2,16.78,5.3,83.18,11.52
image_0586.jpg,label_0586.png,True,False,False,7.38,80.22,12.4,8.55,80.87,10.59
image_0587.jpg,label_0587.png,True,False,False,6.56,81.76,11.67,5.86,82.3,11.84
image_0588.jpg,label_0588.png,True,False,False,100.0,0.0,0.0,99.98,0.0,0.02
image_0589.jpg,label_0589.png,False,True,False,1.03,6.02,92.95,4.62,7.34,88.04
image_0590.jpg,label_0590.png,True,False,False,3.33,1.34,95.33,3.87,1.15,94.97
image_0591.jpg,label_0591.png,False,True,False,5.18,0.15,94.67,4.66,0.14,95.2
image_0592.jpg,label_0592.png,True,False,False,35.57,4.09,60.35,30.88,3.93,65.19
image_0593.jpg,label_0593.png,True,False,False,3.77,0.0,96.23,2.55,0.19,97.27
image_0594.jpg,label_0594.png,True,False,False,35.88,0.0,64.12,32.54,0.96,66.5
image_0595.jpg,label_0595.png,True,False,False,9.63,0.21,90.16,7.32,0.94,91.74
image_0596.jpg,label_0596.png,True,False,False,19.69,0.24,80.07,17.35,3.23,79.42
image_0597.jpg,label_0597.png,False,False,True,12.43,0.0,87.57,5.82,0.6,93.57
image_0598.jpg,label_0598.png,True,False,False,41.59,0.1,58.31,34.41,0.93,64.65
image_0599.jpg,label_0599.png,True,False,False,14.54,1.36,84.11,16.65,0.76,82.59
image_0600.jpg,label_0600.png,True,False,False,15.18,3.85,80.97,14.38,2.39,83.23
image_0601.jpg,label_0601.png,False,True,False,17.8,4.69,77.52,13.52,2.35,84.13
image_0602.jpg,label_0602.png,False,True,False,44.82,0.67,54.51,40.55,0.4,59.05
image_0603.jpg,label_0603.png,True,False,False,43.36,0.41,56.22,40.62,0.23,59.15
image_0604.jpg,label_0604.png,True,False,False,25.8,13.9,60.3,31.17,9.59,59.23
image_0605.jpg,label_0605.png,True,False,False,13.26,0.16,86.57,13.4,0.14,86.45
image_0606.jpg,label_0606.png,False,False,True,4.44,10.12,85.44,1.87,10.22,87.91
image_0607.jpg,label_0607.png,False,True,False,25.67,0.0,74.33,26.64,0.0,73.36
image_0608.jpg,label_0608.png,False,False,True,22.47,0.0,77.53,16.58,0.0,83.42
image_0609.jpg,label_0609.png,True,False,False,28.31,1.51,70.18,27.2,1.47,71.34
image_0610.jpg,label_0610.png,True,False,False,23.08,1.15,75.77,21.68,1.13,77.19
image_0611.jpg,label_0611.png,True,False,False,25.79,0.21,74.01,24.19,0.2,75.61
image_0612.jpg,label_0612.png,True,False,False,6.33,4.86,88.82,4.23,5.24,90.53
image_0613.jpg,label_0613.png,True,False,False,28.28,10.59,61.13,28.87,7.39,63.74
image_0614.jpg,label_0614.png,True,False,False,28.75,1.17,70.09,24.24,1.09,74.66
image_0615.jpg,label_0615.png,True,False,False,0.0,0.26,99.74,0.0,0.17,99.83
image_0616.jpg,label_0616.png,False,False,True,0.0,0.0,100.0,0.0,0.0,100.0
image_0617.jpg,label_0617.png,True,False,False,0.0,0.0,100.0,0.06,0.0,99.94
image_0618.jpg,label_0618.png,True,False,False,67.07,0.22,32.71,67.09,0.21,32.7
image_0619.jpg,label_0619.png,True,False,False,76.58,0.0,23.42,78.28,0.0,21.72
image_0620.jpg,label_0620.png,True,False,False,92.17,0.01,7.82,92.24,0.01,7.75
image_0621.jpg,label_0621.png,True,False,False,95.6,0.0,4.4,95.21,0.0,4.79
image_0622.jpg,label_0622.png,True,False,False,89.22,0.0,10.78,89.35,0.0,10.65
image_0623.jpg,label_0623.png,False,True,False,84.85,0.01,15.13,84.95,0.01,15.04
image_0624.jpg,label_0624.png,False,True,False,57.56,0.01,42.44,53.08,0.01,46.91
image_0625.jpg,label_0625.png,True,False,False,35.75,2.77,61.47,32.75,2.15,65.1
image_0626.jpg,label_0626.png,True,False,False,29.88,0.47,69.65,28.1,0.42,71.49
image_0627.jpg,label_0627.png,True,False,False,84.54,0.01,15.45,84.72,0.01,15.27
image_0628.jpg,label_0628.png,True,False,False,84.95,0.04,15.01,85.53,0.03,14.44
image_0629.jpg,label_0629.png,True,False,False,75.57,0.25,24.19,76.24,0.23,23.53
image_0630.jpg,label_0630.png,True,False,False,74.69,0.01,25.3,74.93,0.01,25.05
image_0631.jpg,label_0631.png,True,False,False,77.06,0.01,22.94,76.79,0.01,23.21
image_0632.jpg,label_0632.png,True,False,False,77.09,0.02,22.88,77.94,0.02,22.04
image_0633.jpg,label_0633.png,False,False,True,65.04,0.28,34.68,64.52,0.26,35.22
image_0634.jpg,label_0634.png,True,False,False,89.14,0.0,10.86,87.88,0.0,12.12
image_0635.jpg,label_0635.png,True,False,False,86.8,0.0,13.2,85.7,0.0,14.3
image_0636.jpg,label_0636.png,True,False,False,79.95,0.0,20.05,80.13,0.0,19.87
image_0637.jpg,label_0637.png,True,False,False,63.02,0.0,36.98,62.36,0.0,37.64
image_0638.jpg,label_0638.png,True,False,False,59.02,0.0,40.98,56.97,0.0,43.03
image_0639.jpg,label_0639.png,True,False,False,33.67,5.97,60.35,30.62,5.03,64.35
image_0640.jpg,label_0640.png,False,False,True,30.75,9.71,59.54,27.84,8.27,63.89
image_0641.jpg,label_0641.png,True,False,False,66.23,0.78,32.99,66.46,0.73,32.82
image_0642.jpg,label_0642.png,False,False,True,69.39,0.1,30.51,69.91,0.09,30.0
image_0643.jpg,label_0643.png,True,False,False,83.26,1.08,15.66,84.42,1.03,14.55
image_0644.jpg,label_0644.png,True,False,False,87.45,0.0,12.55,88.34,0.0,11.66
image_0645.jpg,label_0645.png,True,False,False,44.6,1.48,53.92,43.43,1.2,55.37
image_0646.jpg,label_0646.png,True,False,False,58.04,1.9,40.06,55.91,1.7,42.38
image_0647.jpg,label_0647.png,True,False,False,48.35,0.0,51.65,46.95,0.0,53.05
image_0648.jpg,label_0648.png,True,False,False,61.95,0.0,38.05,61.08,0.0,38.92
image_0649.jpg,label_0649.png,True,False,False,36.82,0.35,62.83,37.44,0.3,62.26
image_0650.jpg,label_0650.png,True,False,False,33.25,0.79,65.96,31.85,0.68,67.47
image_0651.jpg,label_0651.png,True,False,False,71.25,0.0,28.75,71.53,0.0,28.47
image_0652.jpg,label_0652.png,True,False,False,68.81,0.0,31.19,68.62,0.0,31.38
image_0653.jpg,label_0653.png,True,False,False,73.74,0.0,26.26,71.96,0.0,28.04
image_0654.jpg,label_0654.png,True,False,False,51.91,0.11,47.98,52.08,0.1,47.82
image_0655.jpg,label_0655.png,True,False,False,51.93,0.0,48.07,53.36,0.0,46.64
image_0656.jpg,label_0656.png,True,False,False,46.64,0.01,53.35,45.17,0.01,54.82
image_0657.jpg,label_0657.png,True,False,False,42.3,0.0,57.7,42.48,0.0,57.52
image_0658.jpg,label_0658.png,True,False,False,97.08,0.0,2.92,97.06,0.0,2.94
image_0659.jpg,label_0659.png,True,False,False,83.27,0.0,16.73,82.77,0.0,17.23
image_0660.jpg,label_0660.png,False,True,False,57.53,0.0,42.47,57.02,0.0,42.98
image_0661.jpg,label_0661.png,True,False,False,43.41,0.14,56.45,42.82,0.13,57.05
image_0662.jpg,label_0662.png,True,False,False,60.45,0.14,39.41,58.47,0.13,41.4
image_0663.jpg,label_0663.png,False,True,False,82.76,0.0,17.24,82.13,0.0,17.87
image_0664.jpg,label_0664.png,True,False,False,79.64,0.0,20.36,81.12,0.0,18.88
image_0665.jpg,label_0665.png,True,False,False,81.08,0.0,18.92,81.58,0.0,18.42
image_0666.jpg,label_0666.png,True,False,False,90.69,0.0,9.31,90.38,0.0,9.62
image_0667.jpg,label_0667.png,True,False,False,66.18,0.03,33.79,65.13,0.02,34.85
image_0668.jpg,label_0668.png,True,False,False,2.55,96.56,0.89,2.77,96.62,0.61
image_0669.jpg,label_0669.png,True,False,False,2.59,96.68,0.74,2.8,96.69,0.51
image_0670.jpg,label_0670.png,False,False,True,0.63,4.17,95.19,0.03,2.66,97.31
image_0671.jpg,label_0671.png,True,False,False,0.78,3.29,95.93,0.61,2.16,97.22
image_0672.jpg,label_0672.png,True,False,False,0.0,3.43,96.57,0.8,7.45,91.75
image_0673.jpg,label_0673.png,False,True,False,0.0,6.94,93.06,0.9,14.42,84.68
image_0674.jpg,label_0674.png,True,False,False,0.0,2.43,97.57,0.37,6.54,93.09
image_0675.jpg,label_0675.png,False,False,True,0.0,6.42,93.58,0.27,12.1,87.63
image_0676.jpg,label_0676.png,True,False,False,0.0,4.88,95.12,0.26,9.19,90.55
image_0677.jpg,label_0677.png,True,False,False,0.0,7.51,92.49,0.4,14.85,84.74
image_0678.jpg,label_0678.png,True,False,False,0.0,0.18,99.82,0.0,0.81,99.19
image_0679.jpg,label_0679.png,False,True,False,4.02,4.07,91.91,0.09,2.04,97.87
image_0680.jpg,label_0680.png,True,False,False,0.0,4.96,95.04,0.99,10.94,88.07
image_0681.jpg,label_0681.png,True,False,False,2.47,1.23,96.3,2.48,4.39,93.14
image_0682.jpg,label_0682.png,True,False,False,1.31,2.91,95.78,1.61,2.14,96.25
image_0683.jpg,label_0683.png,True,False,False,0.28,2.14,97.57,0.2,1.42,98.38
image_0684.jpg,label_0684.png,True,False,False,2.15,8.31,89.54,1.36,5.71,92.93
image_0685.jpg,label_0685.png,True,False,False,3.27,9.77,86.97,1.71,6.65,91.65
image_0686.jpg,label_0686.png,True,False,False,0.0,4.71,95.29,1.41,13.13,85.47
image_0687.jpg,label_0687.png,True,False,False,0.0,7.03,92.97,0.33,15.41,84.26
image_0688.jpg,label_0688.png,False,True,False,0.0,4.41,95.59,0.13,10.73,89.14
image_0689.jpg,label_0689.png,True,False,False,0.0,4.64,95.36,0.54,11.48,87.98
image_0690.jpg,label_0690.png,True,False,False,0.0,0.37,99.63,0.02,1.79,98.2
image_0691.jpg,label_0691.png,True,False,False,0.0,0.46,99.54,0.02,1.81,98.17
image_0692.jpg,label_0692.png,True,False,False,0.86,5.18,93.96,0.56,3.83,95.61
image_0693.jpg,label_0693.png,True,False,False,0.0,4.42,95.58,0.3,11.87,87.83
image_0694.jpg,label_0694.png,True,False,False,3.01,9.29,87.7,2.55,7.3,90.15
image_0695.jpg,label_0695.png,True,False,False,0.0,3.45,96.55,0.16,10.46,89.38
image_0696.jpg,label_0696.png,True,False,False,1.27,8.81,89.92,0.67,6.62,92.71
image_0697.jpg,label_0697.png,True,False,False,0.0,1.42,98.58,0.09,3.68,96.23
image_0698.jpg,label_0698.png,False,True,False,0.0,1.51,98.49,0.07,5.21,94.72
image_0699.jpg,label_0699.png,True,False,False,0.0,2.12,97.88,0.05,5.32,94.63
image_0700.jpg,label_0700.png,True,False,False,1.08,9.04,89.88,0.84,6.8,92.36
image_0701.jpg,label_0701.png,True,False,False,0.0,1.77,98.23,0.14,4.78,95.08
image_0702.jpg,label_0702.png,True,False,False,0.0,0.82,99.18,0.07,1.86,98.06
image_0703.jpg,label_0703.png,True,False,False,2.71,4.06,93.23,2.14,3.39,94.47
image_0704.jpg,label_0704.png,True,False,False,1.85,1.12,97.03,1.5,0.81,97.69
image_0705.jpg,label_0705.png,False,True,False,0.94,1.24,97.82,0.02,0.85,99.14
image_0706.jpg,label_0706.png,True,False,False,0.35,0.21,99.44,0.37,0.74,98.89
image_0707.jpg,label_0707.png,True,False,False,0.0,0.1,99.9,0.06,0.23,99.7
image_0708.jpg,label_0708.png,True,False,False,0.0,0.17,99.83,0.0,0.36,99.64
image_0709.jpg,label_0709.png,False,False,True,0.0,0.21,99.79,0.0,0.51,99.49
image_0710.jpg,label_0710.png,True,False,False,0.0,0.06,99.94,0.0,0.08,99.92
image_0711.jpg,label_0711.png,True,False,False,0.0,0.24,99.76,0.0,0.43,99.57
image_0712.jpg,label_0712.png,True,False,False,0.0,4.85,95.15,1.04,7.99,90.98
image_0713.jpg,label_0713.png,False,True,False,0.0,4.09,95.91,0.47,5.86,93.68
image_0714.jpg,label_0714.png,True,False,False,0.0,1.23,98.77,0.01,3.18,96.81
image_0715.jpg,label_0715.png,True,False,False,0.0,1.91,98.09,0.43,4.92,94.65
image_0716.jpg,label_0716.png,True,False,False,0.28,0.18,99.54,0.3,0.69,99.01
image_0717.jpg,label_0717.png,True,False,False,0.0,4.13,95.87,0.08,7.95,91.97
image_0718.jpg,label_0718.png,True,False,False,16.11,11.0,72.89,14.4,9.56,76.04
image_0719.jpg,label_0719.png,True,False,False,22.32,9.86,67.82,18.91,8.72,72.37
image_0720.jpg,label_0720.png,False,False,True,0.0,4.16,95.84,0.48,9.67,89.85
image_0721.jpg,label_0721.png,False,True,False,0.0,6.76,93.24,4.13,18.55,77.32
image_0722.jpg,label_0722.png,False,True,False,0.0,4.14,95.86,0.32,6.35,93.33
image_0723.jpg,label_0723.png,True,False,False,0.0,1.41,98.59,0.18,3.98,95.84
image_0724.jpg,label_0724.png,True,False,False,1.68,16.63,81.69,0.86,14.63,84.52
image_0725.jpg,label_0725.png,False,False,True,0.0,3.93,96.07,1.38,11.41,87.21
image_0726.jpg,label_0726.png,True,False,False,10.24,2.05,87.71,7.75,1.65,90.6
image_0727.jpg,label_0727.png,True,False,False,18.99,1.96,79.05,18.0,1.62,80.39
image_0728.jpg,label_0728.png,False,False,True,17.98,0.44,81.58,11.65,0.34,88.0
image_0729.jpg,label_0729.png,False,False,True,14.41,0.56,85.03,12.58,0.38,87.04
image_0730.jpg,label_0730.png,True,False,False,14.55,0.45,84.99,15.1,0.32,84.58
image_0731.jpg,label_0731.png,True,False,False,8.38,1.47,90.15,6.38,1.31,92.31
image_0732.jpg,label_0732.png,False,True,False,5.31,2.3,92.4,3.45,2.05,94.5
image_0733.jpg,label_0733.png,False,False,True,4.53,5.66,89.8,2.9,5.09,92.01
image_0734.jpg,label_0734.png,True,False,False,6.96,0.48,92.56,6.74,0.41,92.84
image_0735.jpg,label_0735.png,True,False,False,7.02,0.15,92.83,6.7,0.12,93.17
image_0736.jpg,label_0736.png,False,False,True,40.71,0.37,58.92,37.92,0.39,61.69
image_0737.jpg,label_0737.png,True,False,False,7.84,0.39,91.77,9.35,0.37,90.29
image_0738.jpg,label_0738.png,True,False,False,11.44,0.26,88.3,11.18,0.25,88.56
image_0739.jpg,label_0739.png,True,False,False,0.0,1.49,98.51,0.15,6.33,93.52
image_0740.jpg,label_0740.png,True,False,False,0.0,2.01,97.99,0.07,7.31,92.62
image_0741.jpg,label_0741.png,True,False,False,0.0,0.96,99.04,0.07,4.13,95.8
image_0742.jpg,label_0742.png,True,False,False,1.33,7.47,91.2,1.16,5.74,93.1
image_0743.jpg,label_0743.png,True,False,False,6.38,0.94,92.68,5.6,0.87,93.53
image_0744.jpg,label_0744.png,True,False,False,8.61,0.53,90.87,8.51,0.47,91.02
image_0745.jpg,label_0745.png,True,False,False,0.0,0.74,99.26,1.12,3.59,95.29
image_0746.jpg,label_0746.png,True,False,False,2.56,1.94,95.5,2.54,1.63,95.84
image_0747.jpg,label_0747.png,True,False,False,3.18,4.97,91.85,3.14,4.03,92.83
image_0748.jpg,label_0748.png,False,False,True,1.53,4.46,94.01,0.29,3.38,96.34
image_0749.jpg,label_0749.png,True,False,False,0.0,0.25,99.75,0.25,1.08,98.67
image_0750.jpg,label_0750.png,True,False,False,0.0,2.05,97.95,0.05,7.53,92.42
image_0751.jpg,label_0751.png,True,False,False,0.0,0.64,99.36,0.14,2.72,97.15
image_0752.jpg,label_0752.png,False,True,False,0.0,0.38,99.62,0.22,1.5,98.28
image_0753.jpg,label_0753.png,True,False,False,1.81,9.83,88.36,1.41,7.96,90.62
image_0754.jpg,label_0754.png,True,False,False,10.07,11.75,78.18,9.5,10.2,80.3
image_0755.jpg,label_0755.png,True,False,False,15.01,7.7,77.3,13.81,6.64,79.55
image_0756.jpg,label_0756.png,True,False,False,13.81,9.51,76.68,14.42,7.85,77.73
image_0757.jpg,label_0757.png,False,False,True,18.45,5.29,76.26,15.98,4.72,79.3
image_0758.jpg,label_0758.png,True,False,False,41.29,6.19,52.52,38.47,5.81,55.73
image_0759.jpg,label_0759.png,False,True,False,26.5,14.58,58.92,23.63,13.53,62.84
image_0760.jpg,label_0760.png,True,False,False,47.02,9.8,43.19,44.87,9.26,45.87
image_0761.jpg,label_0761.png,True,False,False,43.74,10.35,45.91,45.38,9.29,45.34
image_0762.jpg,label_0762.png,True,False,False,32.9,4.98,62.12,32.61,4.43,62.95
image_0763.jpg,label_0763.png,True,False,False,45.6,1.66,52.74,47.73,1.5,50.77
image_0764.jpg,label_0764.png,True,False,False,9.74,10.1,80.17,6.52,7.77,85.71
image_0765.jpg,label_0765.png,True,False,False,6.98,9.96,83.06,5.25,8.28,86.46
image_0766.jpg,label_0766.png,True,False,False,18.19,3.17,78.64,19.37,2.64,77.99
image_0767.jpg,label_0767.png,True,False,False,0.0,2.62,97.38,0.13,9.62,90.25
image_0768.jpg,label_0768.png,True,False,False,0.0,3.75,96.25,0.75,11.68,87.57
image_0769.jpg,label_0769.png,True,False,False,0.0,4.83,95.17,0.32,11.64,88.04
image_0770.jpg,label_0770.png,True,False,False,0.0,2.34,97.66,1.37,8.15,90.49
image_0771.jpg,label_0771.png,True,False,False,0.0,0.53,99.47,0.05,3.17,96.79
image_0772.jpg,label_0772.png,True,False,False,0.0,2.07,97.93,0.4,7.17,92.43
image_0773.jpg,label_0773.png,True,False,False,40.26,6.87,52.87,39.15,6.17,54.67
image_0774.jpg,label_0774.png,True,False,False,41.0,9.25,49.75,39.1,8.55,52.36
image_0775.jpg,label_0775.png,True,False,False,40.35,5.72,53.93,36.8,5.18,58.02
image_0776.jpg,label_0776.png,True,False,False,39.44,9.32,51.24,37.99,8.38,53.63
image_0777.jpg,label_0777.png,True,False,False,14.05,7.28,78.66,13.11,5.6,81.29
image_0778.jpg,label_0778.png,True,False,False,0.61,6.34,93.05,1.87,13.17,84.96
image_0779.jpg,label_0779.png,True,False,False,0.13,5.67,94.21,2.08,11.92,86.0
image_0780.jpg,label_0780.png,True,False,False,40.32,4.32,55.36,39.81,4.0,56.2
image_0781.jpg,label_0781.png,False,False,True,15.32,8.63,76.05,10.26,7.75,82.0
image_0782.jpg,label_0782.png,False,False,True,30.15,9.09,60.76,24.65,8.56,66.78
image_0783.jpg,label_0783.png,True,False,False,8.63,6.89,84.48,6.21,5.76,88.02
image_0784.jpg,label_0784.png,True,False,False,0.71,4.14,95.15,7.51,18.06,74.43
image_0785.jpg,label_0785.png,True,False,False,0.0,0.59,99.41,3.7,6.91,89.4
image_0786.jpg,label_0786.png,False,False,True,0.0,0.61,99.39,0.09,2.24,97.67
image_0787.jpg,label_0787.png,True,False,False,0.0,0.19,99.81,0.33,1.08,98.59
image_0788.jpg,label_0788.png,True,False,False,18.3,0.06,81.65,16.92,0.06,83.02
image_0789.jpg,label_0789.png,True,False,False,36.76,0.52,62.72,34.66,0.51,64.83
image_0790.jpg,label_0790.png,True,False,False,22.52,0.04,77.44,20.54,0.04,79.42
image_0791.jpg,label_0791.png,True,False,False,24.06,0.0,75.94,22.21,0.01,77.78
image_0792.jpg,label_0792.png,False,True,False,15.12,0.02,84.85,14.25,0.06,85.68
image_0793.jpg,label_0793.png,True,False,False,62.46,0.32,37.22,60.46,0.32,39.22
image_0794.jpg,label_0794.png,True,False,False,29.48,2.6,67.91,27.23,2.74,70.03
image_0795.jpg,label_0795.png,False,True,False,74.03,0.0,25.97,72.68,0.1,27.22
image_0796.jpg,label_0796.png,True,False,False,5.54,0.46,94.0,6.12,0.51,93.38
image_0797.jpg,label_0797.png,True,False,False,83.09,1.73,15.18,81.57,1.86,16.56
image_0798.jpg,label_0798.png,True,False,False,65.08,0.0,34.92,65.48,0.0,34.52
image_0799.jpg,label_0799.png,True,False,False,16.54,0.0,83.46,13.11,0.0,86.89
image_0800.jpg,label_0800.png,True,False,False,29.8,0.0,70.2,25.63,0.0,74.37
